Seed,Uti
30,3.7
0,3.3
10,3.7
21,3.6
53,3.6
15,3.7
54,3.1
31,3.6
44,3.6
16,2.8
3,2.9
12,3.5
46,3.5
1,3.3
32,3.4
22,3.1
61,3.2
42,3.7
19,3.4
33,3.5
56,3.4
58,3.6
17,2.1
52,3.3
62,3.3
60,3.3
40,3.5
29,3.4
14,3.5
45,3.6
43,3.4
4,3.2
55,3.8
63,3.4
35,2.7
24,3.1
34,3.0
11,3.1
20,3.1
50,3.5
59,3.6
28,3.5
37,3.1
26,3.1
64,2.7
27,3.6
5,3.3
57,3.5
8,3.2
23,3.0
51,3.4
41,3.4
13,3.4
9,3.4
36,3.3
39,2.8
25,2.6
78,3.7
69,3.6
7,3.5
6,3.2
74,3.7
75,3.1
38,3.5
77,3.3
82,3.7
88,3.1
48,3.0
49,3.3
67,3.4
86,3.7
66,3.4
2,2.6
70,3.5
18,3.3
96,3.6
83,3.5
76,3.7
68,3.2
80,3.5
108,2.2
109,3.7
65,3.6
91,3.3
79,3.3
112,3.3
95,3.1
81,3.2
47,3.0
104,3.6
105,3.1
92,3.4
97,3.7
90,3.3
87,3.2
84,3.2
94,2.9
100,3.4
93,3.5
114,3.3
117,3.4
123,3.4
129,3.3
120,2.5
113,3.4
89,3.2
127,3.5
126,3.5
85,3.3
106,3.3
147,3.3
115,3.5
72,2.9
98,3.1
116,2.9
71,3.2
131,3.1
73,3.0
139,3.5
135,3.0
102,3.3
134,3.5
158,2.6
122,3.7
99,3.4
110,2.5
121,3.1
136,3.6
146,3.1
128,3.4
148,3.6
130,3.1
141,3.2
119,3.3
107,3.2
111,2.6
163,3.7
101,3.2
167,3.6
144,3.0
152,3.7
138,3.1
155,3.4
137,3.1
140,3.5
164,2.9
132,3.3
124,2.9
166,3.6
150,3.0
145,3.4
142,3.7
165,3.0
149,2.7
173,3.6
153,3.0
143,2.8
161,3.1
160,3.6
169,3.3
168,3.6
118,3.3
125,3.2
180,3.1
177,3.6
197,3.5
178,3.3
175,3.2
176,3.2
190,3.3
133,3.2
195,3.6
188,3.3
203,3.5
171,3.4
206,3.4
182,3.3
191,3.4
189,3.6
187,3.3
196,3.3
154,3.1
198,3.6
184,3.5
185,3.3
103,3.2
201,3.4
204,3.2
159,2.5
162,2.8
172,3.4
181,3.2
157,3.2
151,3.2
205,3.8
210,3.4
208,2.8
212,3.6
221,3.4
207,3.5
156,3.3
192,3.5
224,3.7
199,3.8
213,3.5
230,3.6
200,3.1
214,3.3
218,3.5
193,3.2
186,3.6
247,3.4
237,2.5
222,3.7
170,3.7
179,3.4
183,2.9
239,3.7
229,3.7
226,3.0
219,2.9
216,2.9
245,3.6
223,3.7
202,3.8
238,3.5
227,2.9
209,2.9
211,3.1
225,3.3
258,3.4
220,3.5
174,2.9
242,3.3
194,3.3
234,3.2
264,3.6
241,3.3
231,3.3
236,3.3
257,3.1
253,2.9
248,3.8
251,3.2
249,3.0
272,3.4
235,3.6
243,3.4
228,3.5
252,3.6
275,3.5
217,2.7
282,3.5
215,2.8
259,3.5
240,3.3
286,3.4
269,3.1
263,3.5
266,3.3
270,3.1
276,3.4
254,3.3
255,3.4
273,3.5
271,3.7
267,3.0
244,3.4
262,3.6
289,2.8
232,3.4
233,3.2
274,3.1
260,3.2
291,3.8
290,3.7
283,3.5
278,3.5
313,3.5
261,3.1
277,3.5
309,3.2
288,3.4
292,2.6
302,3.5
284,3.2
250,3.2
315,3.5
307,2.7
296,3.1
294,3.5
337,3.5
305,3.3
280,3.1
265,3.3
256,2.6
293,3.6
287,3.5
308,3.5
285,3.7
246,2.8
281,3.0
336,3.2
303,3.2
297,3.3
268,2.8
331,3.4
332,3.5
317,3.5
333,3.2
316,3.5
298,3.4
321,3.3
279,3.0
347,3.4
335,3.4
326,3.5
310,3.5
319,2.8
322,3.3
301,3.3
344,3.2
339,3.3
345,3.3
330,3.3
323,3.2
328,3.5
354,3.6
343,3.5
306,3.2
355,3.3
314,3.1
312,2.8
349,3.2
353,3.7
367,3.4
340,3.4
356,3.5
299,3.7
334,3.0
320,3.5
318,3.0
379,3.8
366,2.7
329,3.3
342,3.8
359,3.5
295,3.4
362,3.6
327,2.9
300,2.7
338,3.6
325,2.9
304,3.0
372,3.2
351,3.4
341,2.9
324,3.2
371,3.4
361,3.3
373,3.6
350,3.0
357,3.2
352,3.6
364,3.4
311,2.8
360,3.6
378,3.5
382,3.1
375,3.2
346,3.2
363,3.4
384,3.6
374,2.8
365,3.2
358,3.1
368,3.3
380,3.4
399,3.4
402,3.2
394,3.5
377,3.4
386,3.3
387,2.8
405,3.3
369,3.3
385,3.7
390,3.3
348,3.3
392,3.3
401,3.2
424,3.4
419,2.7
393,3.0
434,3.6
417,3.3
420,3.7
414,3.5
396,3.3
370,2.9
429,3.6
413,3.4
381,3.5
422,3.6
391,3.5
416,3.3
412,3.4
439,3.5
440,3.5
437,3.3
410,3.1
398,3.2
397,3.3
408,3.3
426,2.8
376,3.0
433,3.4
400,3.0
436,3.4
383,3.2
389,3.0
409,3.4
442,3.6
395,3.2
428,3.2
425,2.9
404,2.9
403,2.8
430,3.1
451,3.6
448,2.3
415,2.6
406,3.1
388,2.9
418,3.5
446,3.3
438,2.9
450,3.1
427,3.5
454,3.2
432,2.9
444,3.1
458,3.9
459,3.3
472,3.6
453,3.4
449,3.3
457,3.3
452,3.0
468,3.5
423,3.0
441,2.8
421,2.6
466,3.5
445,3.3
464,3.6
447,2.8
431,3.3
470,3.4
456,3.0
462,3.6
493,3.4
435,3.1
476,3.0
474,3.7
411,2.8
496,3.8
460,3.2
475,3.3
486,3.7
469,3.5
487,3.6
490,3.3
467,3.5
485,3.4
494,3.6
517,3.8
481,3.2
495,3.2
473,3.5
465,3.2
488,3.3
515,3.7
484,3.2
482,2.9
511,3.4
477,3.6
497,3.7
518,3.3
491,3.3
500,3.6
455,2.8
489,3.5
480,3.4
519,3.4
525,3.3
471,2.9
504,3.9
478,3.2
503,3.3
526,3.6
505,3.0
512,3.5
507,3.8
528,3.2
499,3.1
463,2.5
532,3.1
530,3.5
498,3.1
529,3.7
483,3.1
514,3.4
509,3.0
523,2.9
537,3.0
479,3.4
524,3.7
516,3.5
527,3.1
536,3.2
540,3.5
547,3.5
407,2.9
443,2.2
541,2.8
506,3.3
553,3.2
510,3.1
538,3.2
550,3.3
545,3.6
501,3.6
575,3.7
508,3.3
461,3.3
534,2.7
561,3.4
565,3.4
539,3.1
570,3.3
522,3.1
531,3.3
549,3.2
502,3.2
557,3.0
535,3.2
513,3.2
542,3.6
533,3.0
520,3.2
558,2.9
571,3.2
560,3.0
544,3.4
574,3.4
562,3.3
563,3.6
551,3.2
567,3.2
548,3.1
555,2.8
600,2.3
584,3.7
564,3.2
543,2.9
521,3.1
591,3.8
605,3.2
583,2.9
579,3.5
592,3.4
559,2.9
573,3.5
587,3.6
598,3.3
585,3.2
554,3.3
568,3.6
595,2.7
602,3.0
546,2.9
556,3.2
552,2.6
589,3.2
586,3.2
606,3.7
582,3.1
577,3.2
569,2.9
492,3.3
597,3.0
619,3.0
613,3.7
608,3.1
594,3.3
576,3.0
596,3.4
593,3.5
624,3.3
620,3.4
604,2.9
629,3.6
601,3.3
609,3.1
590,3.2
566,3.3
581,2.7
632,3.7
578,3.0
634,3.7
580,2.8
611,3.4
621,3.0
625,3.0
617,3.4
631,3.8
610,3.5
603,3.2
633,3.8
653,3.4
636,3.2
607,3.3
599,3.1
649,3.3
588,2.7
642,3.6
643,3.3
572,3.8
656,3.7
615,3.3
612,3.2
626,3.3
622,3.3
651,3.5
627,2.9
616,3.4
628,3.6
645,2.6
614,3.1
635,2.6
673,3.2
658,3.4
644,2.8
647,3.7
639,2.8
663,3.6
672,3.6
623,3.3
638,3.1
670,3.1
655,3.0
640,3.2
687,3.7
618,3.1
637,3.0
679,2.8
646,3.3
641,3.2
666,3.3
662,3.8
674,3.4
652,3.3
659,3.2
664,3.4
689,3.2
691,3.8
676,2.8
686,3.3
657,2.8
707,2.5
704,3.5
654,3.4
677,3.2
695,3.2
681,3.1
668,3.5
650,3.2
671,3.1
718,3.8
669,3.3
661,3.6
683,3.6
660,2.4
693,3.4
675,3.4
697,3.0
714,3.1
648,3.4
709,3.6
680,2.9
690,3.4
725,3.3
703,3.6
724,3.9
702,3.0
708,3.5
696,2.9
667,3.0
692,2.9
698,3.3
716,3.4
700,3.5
723,2.6
678,3.2
726,3.2
706,2.9
719,3.4
713,3.2
722,3.1
688,3.2
665,3.4
712,3.7
701,3.2
717,3.1
684,3.2
728,3.2
727,3.4
699,3.5
746,3.1
732,3.4
685,3.2
715,3.5
745,3.5
711,2.9
705,3.3
747,3.8
721,3.1
750,3.6
737,2.8
682,2.2
710,3.2
733,3.1
731,3.4
739,3.7
720,3.4
743,3.5
694,2.8
736,2.9
742,3.1
735,3.2
769,2.7
775,3.2
754,3.2
764,3.1
751,3.4
756,3.5
748,3.4
767,2.9
757,3.2
738,3.1
744,3.4
762,3.7
770,3.8
740,2.9
755,2.7
758,3.4
760,3.2
741,3.2
761,2.9
765,3.6
734,2.7
795,3.0
730,3.4
781,3.3
780,3.4
785,3.6
783,3.0
802,3.5
772,3.2
803,3.3
753,3.2
759,3.4
763,3.4
752,3.2
771,2.9
805,3.6
774,3.3
749,3.1
790,3.4
779,3.0
777,3.3
768,3.7
811,3.7
797,3.0
818,3.7
799,3.6
778,3.5
807,3.6
786,3.2
729,3.1
788,3.2
782,3.8
792,3.1
836,3.7
826,3.7
791,3.0
800,3.5
798,3.4
794,3.2
793,3.7
827,3.8
776,3.2
773,2.3
810,3.5
787,3.1
804,3.5
789,3.4
840,2.9
801,3.3
841,3.7
830,3.6
819,3.4
808,3.4
852,3.6
828,3.5
784,2.9
815,3.5
814,3.2
796,3.1
822,3.4
824,3.0
832,3.5
817,3.0
820,3.6
806,3.2
816,3.7
813,3.2
812,3.4
823,3.4
845,3.3
855,2.8
833,3.5
766,2.9
838,3.7
868,3.1
848,3.5
857,3.6
858,3.5
831,2.9
809,3.3
849,3.2
630,3.2
866,3.1
842,3.6
853,3.3
856,3.3
835,3.1
844,3.5
825,3.0
860,3.6
834,3.3
821,2.6
846,3.3
867,3.6
864,3.0
861,3.6
882,3.1
889,3.3
884,3.9
854,2.8
862,3.3
850,3.4
829,2.7
837,3.4
869,3.6
871,3.1
893,3.8
879,3.5
839,3.3
863,3.0
880,3.5
872,3.2
888,3.2
897,3.6
883,3.2
865,3.1
847,3.2
877,3.1
874,3.4
859,3.0
910,3.5
870,2.7
843,2.8
881,3.4
899,3.0
891,3.2
907,3.6
892,3.3
905,3.2
890,3.6
875,3.0
878,2.4
908,3.6
900,2.7
886,3.1
918,3.3
887,2.4
851,3.5
929,3.5
901,2.9
885,3.2
895,3.2
935,3.8
914,3.8
923,3.5
915,3.2
904,3.7
919,2.8
873,3.2
939,3.9
946,3.6
932,3.2
909,3.2
941,3.3
912,3.6
894,3.2
898,2.8
926,3.6
943,3.5
927,3.3
921,3.5
876,3.4
917,3.5
930,3.4
956,3.6
937,3.6
931,3.3
934,3.1
906,2.5
924,3.2
913,2.7
902,3.5
959,3.0
933,2.8
928,3.3
922,3.5
953,3.5
911,3.0
925,3.3
936,3.1
950,3.7
920,3.1
955,3.4
949,3.6
916,3.0
944,3.2
964,3.2
938,3.1
968,3.6
896,2.9
961,2.9
971,3.4
963,3.1
954,3.3
967,3.4
976,3.5
957,3.6
977,3.4
987,3.8
969,3.4
1004,3.7
986,3.6
989,2.8
945,3.4
903,2.8
973,3.1
974,3.5
965,3.2
942,3.4
983,3.5
992,3.3
972,3.1
991,3.1
975,3.3
970,3.1
985,3.2
980,2.9
958,3.2
984,3.6
1005,3.7
947,3.3
940,2.9
993,3.3
981,2.7
1000,3.6
988,3.7
978,3.3
1007,3.8
994,3.1
960,3.5
996,3.5
952,3.3
995,3.5
997,3.2
966,3.4
962,2.5
1024,3.5
951,2.6
1003,3.4
948,2.6
999,3.1
1006,3.1
1011,3.4
1009,2.7
1010,3.0
1020,3.6
1002,3.9
982,3.1
1025,3.5
1041,3.5
1014,3.4
1013,2.8
1044,3.3
979,3.2
1012,3.7
1019,3.6
1008,3.5
1046,2.4
1035,3.5
1051,3.2
1001,3.0
1058,3.7
1018,3.5
1017,3.5
1015,3.4
1042,3.3
990,3.4
1027,3.3
1021,3.5
1026,2.9
1053,3.6
1028,3.3
1038,3.3
1049,3.2
1047,3.5
1045,3.5
1057,3.8
1030,3.2
1037,3.7
1023,2.6
1075,3.7
1036,3.4
1065,3.3
1032,2.9
1062,3.4
998,2.8
1061,3.4
1073,3.7
1056,3.1
1076,3.1
1040,3.4
1048,3.2
1031,3.6
1029,3.1
1067,3.4
1069,3.4
1090,3.6
1060,3.4
1096,2.2
1055,3.4
1068,3.2
1074,3.7
1093,2.9
1034,3.4
1082,3.4
1059,3.2
1063,3.7
1050,3.3
1080,3.6
1072,3.2
1066,3.0
1039,3.3
1064,3.0
1116,3.4
1052,3.2
1079,3.3
1089,3.0
1083,3.6
1087,3.0
1078,3.5
1071,2.9
1022,2.7
1115,3.6
1103,3.0
1095,3.5
1099,3.5
1043,2.8
1016,2.9
1124,3.5
1085,3.2
1054,3.0
1102,3.7
1077,3.2
1126,2.7
1092,2.7
1070,2.7
1100,3.3
1084,2.9
1086,3.2
1110,2.8
1122,3.1
1125,2.9
1098,3.2
1118,3.4
1088,3.3
1123,3.4
1107,3.5
1130,3.6
1119,3.3
1105,2.7
1112,3.7
1091,2.9
1120,3.4
1141,3.7
1114,3.3
1111,2.8
1136,3.4
1117,2.9
1166,3.5
1113,3.1
1106,3.1
1094,3.1
1150,2.9
1128,3.0
1104,3.0
1121,3.2
1148,3.2
1127,3.5
1109,2.9
1138,3.0
1108,3.3
1101,3.4
1144,3.4
1134,2.8
1132,3.3
1149,3.7
1097,2.9
1172,3.7
1147,3.3
1155,2.9
1163,3.5
1151,3.3
1145,3.6
1154,3.3
1156,3.7
1033,2.8
1152,3.0
1133,3.1
1140,3.3
1131,2.7
1173,3.4
1139,3.5
1167,3.5
1142,3.1
1174,3.4
1146,3.4
1143,3.0
1081,3.5
1129,3.1
1159,3.1
1160,3.3
1180,3.6
1164,3.1
1137,3.4
1165,3.1
1179,3.7
1169,3.0
1186,3.4
1157,3.5
1191,3.5
1196,3.4
1197,3.1
1162,3.1
1176,3.5
1195,3.5
1183,3.4
1204,3.8
1153,3.2
1190,3.3
1187,3.3
1175,3.6
1135,2.5
1161,3.2
1188,3.3
1168,3.5
1171,3.6
1184,3.6
1192,3.4
1208,3.7
1181,3.5
1158,3.2
1189,3.2
1177,3.1
1201,3.4
1170,3.1
1185,3.3
1223,3.4
1214,3.3
1202,3.5
1200,3.7
1213,3.6
1234,3.8
1203,3.2
1206,3.4
1240,3.7
1219,3.5
1221,3.6
1182,3.1
1205,3.3
1220,3.5
1229,3.2
1216,2.8
1225,2.8
1231,3.4
1193,3.2
1226,3.7
1178,3.5
1235,3.1
1199,3.7
1194,2.8
1249,3.2
1241,3.7
1222,3.0
1227,3.0
1252,3.2
1198,2.9
1246,3.9
1250,3.5
1238,2.9
1244,3.5
1228,3.1
1230,3.4
1212,3.0
1207,3.3
1236,3.5
1245,3.4
1237,3.2
1232,3.2
1217,3.1
1210,3.1
1209,3.6
1224,3.6
1257,3.3
1251,3.3
1247,3.0
1239,3.5
1275,3.1
1268,3.5
1253,2.5
1271,3.6
1255,3.5
1278,3.8
1282,3.7
1242,3.4
1265,3.3
1269,3.4
1284,3.3
1261,3.2
1274,3.2
1288,3.4
1215,3.4
1260,3.3
1233,3.0
1211,3.4
1285,3.5
1279,3.4
1289,2.9
1262,3.3
1263,2.6
1258,3.5
1243,3.6
1286,3.9
1273,3.1
1292,3.2
1248,3.2
1280,2.5
1218,3.1
1306,3.4
1290,3.1
1313,3.8
1256,2.4
1311,3.6
1283,3.2
1297,3.4
1259,3.0
1276,2.9
1267,3.2
1293,3.3
1309,3.3
1287,3.0
1298,3.3
1281,3.4
1264,3.1
1299,3.8
1326,3.3
1304,3.4
1310,3.4
1300,2.9
1318,2.9
1295,3.3
1296,3.1
1338,3.3
1270,2.7
1328,3.0
1335,2.8
1312,3.1
1301,2.9
1317,3.3
1315,3.5
1331,3.5
1266,3.1
1272,3.0
1321,3.1
1277,2.6
1316,3.1
1303,3.0
1294,3.0
1341,3.3
1337,3.1
1334,3.3
1291,3.2
1302,3.4
1325,3.3
1339,3.5
1345,3.6
1346,2.9
1305,2.9
1329,3.4
1327,3.2
1343,3.8
1254,2.8
1314,3.0
1324,3.5
1323,3.2
1332,3.1
1357,3.6
1330,3.5
1322,3.1
1364,3.8
1370,3.4
1320,2.8
1349,3.4
1386,3.8
1374,3.6
1361,2.4
1344,2.9
1319,3.2
1363,3.7
1380,3.4
1387,3.6
1388,2.9
1372,3.0
1307,2.8
1342,3.4
1373,3.1
1366,3.1
1351,3.4
1333,3.2
1308,3.2
1340,2.8
1365,3.4
1350,2.9
1352,3.6
1393,3.6
1347,3.1
1336,2.5
1356,3.1
1362,3.4
1358,3.4
1353,3.2
1396,3.3
1397,3.5
1382,3.6
1359,2.9
1383,3.2
1355,3.3
1369,2.9
1354,2.9
1385,3.4
1348,3.0
1384,3.0
1400,3.9
1406,3.7
1401,3.3
1395,3.7
1376,3.2
1371,3.3
1360,3.0
1368,3.4
1389,3.2
1377,3.5
1398,3.7
1375,3.2
1405,3.2
1392,3.6
1379,2.5
1415,3.5
1419,3.5
1378,2.9
1410,3.6
1421,3.1
1394,2.9
1414,3.5
1422,3.4
1411,3.3
1408,3.4
1420,3.4
1409,3.5
1367,2.9
1432,3.4
1428,3.7
1403,3.0
1423,3.5
1430,3.3
1447,2.6
1416,3.5
1412,3.1
1417,3.6
1455,3.7
1390,3.0
1449,3.7
1458,3.2
1429,3.5
1425,3.4
1438,3.1
1413,3.4
1439,3.0
1435,3.5
1402,2.9
1431,3.2
1391,3.1
1399,2.9
1434,3.5
1426,3.4
1452,2.8
1437,3.4
1479,3.5
1450,3.2
1381,3.2
1444,3.3
1465,3.4
1436,3.3
1446,3.1
1441,3.0
1477,3.6
1442,3.4
1433,2.9
1480,3.7
1418,3.2
1453,2.8
1404,3.1
1456,3.0
1451,3.3
1470,3.0
1464,3.2
1461,3.1
1492,3.5
1468,3.1
1462,3.6
1469,3.0
1486,3.2
1488,3.7
1496,3.4
1459,3.1
1445,3.0
1487,3.5
1473,3.0
1457,3.1
1448,3.0
1474,3.4
1466,3.2
1440,3.6
1443,3.3
1503,2.9
1407,3.0
1482,2.8
1460,3.0
1424,3.0
1476,2.8
1500,3.7
1463,3.0
1472,3.6
1504,3.6
1483,2.9
1493,3.7
1475,3.2
1491,3.6
1490,2.6
1499,3.3
1505,3.9
1454,3.1
1489,3.3
1512,3.6
1521,3.1
1516,3.6
1501,3.6
1485,3.0
1495,3.5
1478,3.5
1494,2.9
1519,3.6
1507,3.7
1427,2.8
1524,3.3
1518,3.5
1520,3.6
1511,3.3
1484,3.2
1540,3.6
1481,3.0
1531,3.4
1471,2.9
1467,2.4
1532,3.0
1535,3.5
1537,3.6
1517,3.4
1523,3.2
1502,2.6
1534,3.5
1498,3.6
1525,3.0
1508,3.4
1533,3.4
1513,3.0
1509,3.5
1551,3.4
1522,3.2
1527,2.7
1536,3.3
1539,3.5
1543,3.4
1547,2.8
1530,3.2
1506,2.8
1514,2.7
1567,2.0
1549,3.7
1541,3.6
1497,2.4
1529,3.5
1526,3.2
1556,3.6
1544,3.8
1555,3.1
1542,2.6
1546,3.4
1510,2.9
1563,2.8
1568,3.3
1554,3.4
1545,3.4
1552,3.0
1566,3.6
1582,3.6
1571,3.3
1548,2.6
1569,3.3
1599,3.1
1564,3.2
1553,3.4
1560,2.8
1528,3.0
1558,3.4
1565,3.6
1538,3.4
1574,3.3
1585,3.6
1515,3.0
1590,3.7
1591,2.8
1550,3.0
1596,2.9
1587,3.6
1606,3.4
1592,3.3
1576,3.2
1573,3.1
1580,3.4
1616,2.9
1583,2.7
1600,3.2
1557,3.1
1597,3.6
1586,3.4
1572,2.9
1577,2.9
1601,3.5
1562,3.5
1578,3.3
1570,2.6
1608,3.3
1621,3.6
1559,3.1
1588,3.4
1584,3.3
1594,3.0
1630,3.2
1619,3.4
1602,3.6
1640,3.3
1610,3.0
1612,3.4
1581,2.5
1579,3.2
1604,3.4
1638,3.7
1613,3.6
1605,3.3
1615,3.2
1595,2.8
1607,3.5
1561,3.2
1623,3.4
1603,3.1
1593,3.5
1622,3.2
1631,3.4
1657,3.8
1620,2.8
1617,3.3
1635,3.3
1609,3.1
1633,3.3
1651,3.2
1598,3.3
1629,3.3
1634,2.8
1632,3.2
1648,3.6
1625,3.1
1649,3.6
1656,3.6
1652,3.4
1654,3.1
1661,3.6
1645,2.8
1650,3.6
1677,3.2
1659,3.5
1614,2.2
1655,3.2
1611,3.3
1642,3.6
1575,3.0
1670,3.3
1636,3.0
1641,3.0
1626,3.2
1668,3.1
1658,2.9
1624,3.5
1663,3.4
1674,3.9
1664,2.8
1643,3.4
1660,3.4
1628,2.7
1693,3.8
1691,3.3
1671,3.6
1686,2.8
1637,3.6
1646,3.1
1695,3.7
1589,2.9
1665,2.9
1676,2.8
1669,3.4
1678,3.0
1647,2.7
1690,3.4
1644,3.1
1639,2.7
1675,3.0
1685,3.6
1681,3.1
1667,3.4
1627,2.9
1719,3.7
1653,3.1
1673,3.3
1618,3.0
1662,3.4
1682,2.9
1689,2.8
1672,2.7
1697,3.0
1696,3.4
1699,3.7
1702,3.5
1726,3.5
1713,3.4
1698,3.7
1716,3.3
1718,2.9
1684,3.6
1688,3.1
1720,3.7
1705,3.1
1694,3.1
1715,2.6
1680,3.4
1704,2.8
1666,3.2
1727,3.2
1701,3.4
1721,3.1
1712,3.3
1736,3.4
1751,3.2
1729,3.6
1703,2.8
1687,2.7
1714,3.1
1710,2.9
1734,3.7
1723,3.0
1709,3.3
1735,3.7
1711,2.7
1700,3.4
1724,2.8
1739,3.6
1730,3.5
1742,3.3
1708,3.1
1725,3.3
1732,3.3
1679,3.3
1706,3.1
1740,3.3
1731,3.1
1728,3.6
1749,3.8
1707,3.1
1717,3.2
1683,2.8
1762,3.3
1748,3.0
1692,2.5
1737,3.0
1741,3.7
1745,3.6
1764,3.6
1760,3.4
1756,3.4
1754,3.2
1733,3.2
1722,3.3
1752,3.0
1750,3.2
1753,2.7
1779,3.5
1765,3.1
1797,3.9
1785,3.6
1758,3.0
1746,3.0
1770,3.1
1784,3.7
1744,3.0
1782,3.3
1747,2.9
1804,3.8
1808,3.7
1755,3.1
1759,3.0
1757,3.4
1771,3.2
1766,3.4
1792,3.7
1793,3.2
1775,3.4
1788,3.5
1801,3.6
1783,3.2
1794,3.2
1773,3.5
1795,3.6
1802,2.1
1781,3.4
1743,2.8
1777,3.1
1738,2.9
1780,3.1
1776,3.3
1778,3.6
1806,3.5
1768,3.2
1763,3.3
1774,3.3
1803,3.7
1789,2.9
1813,3.5
1796,3.2
1805,3.7
1819,3.4
1809,2.8
1807,3.2
1772,3.3
1799,3.3
1767,3.2
1811,3.5
1786,3.6
1810,3.0
1832,3.2
1787,3.1
1800,2.8
1798,3.4
1818,3.2
1841,3.3
1769,3.0
1761,3.0
1824,3.5
1833,3.1
1815,3.2
1842,3.4
1852,3.7
1828,2.9
1791,2.8
1827,3.7
1814,3.3
1851,3.5
1790,3.4
1825,3.4
1837,3.4
1826,2.9
1836,3.2
1860,3.8
1829,3.0
1831,3.3
1820,3.2
1850,3.2
1838,3.2
1821,3.5
1835,3.3
1853,3.1
1855,3.6
1863,2.8
1847,3.7
1823,3.4
1822,3.3
1812,3.3
1876,3.2
1830,3.0
1866,3.3
1880,3.5
1844,3.6
1864,3.3
1856,3.6
1854,3.2
1839,3.4
1817,3.5
1857,3.0
1816,2.7
1843,3.3
1883,3.4
1861,3.1
1882,3.2
1846,3.0
1848,3.1
1868,3.1
1840,3.1
1881,2.9
1900,3.8
1845,3.0
1873,3.1
1874,3.0
1892,3.1
1870,3.3
1834,2.6
1875,3.3
1862,3.6
1849,3.0
1871,3.7
1888,2.8
1858,3.1
1872,3.3
1898,3.2
1903,3.5
1878,3.6
1859,3.4
1887,3.4
1877,3.6
1895,3.0
1915,3.6
1905,3.7
1912,3.8
1885,3.6
1893,3.7
1904,3.3
1933,4.0
1907,3.6
1884,2.8
1920,3.2
1902,3.2
1879,3.3
1909,3.3
1911,3.2
1867,2.4
1910,3.6
1891,2.8
1865,3.4
1869,2.8
1932,3.2
1924,3.2
1941,3.6
1906,2.9
1908,2.7
1897,3.4
1916,3.4
1927,3.7
1894,3.2
1928,3.2
1930,3.5
1937,3.3
1918,3.2
1914,3.5
1886,3.2
1896,3.0
1939,3.3
1921,3.0
1899,2.9
1947,3.1
1923,3.0
1917,3.3
1922,3.3
1925,3.4
1942,3.6
1960,3.1
1926,3.0
1946,2.9
1936,3.5
1901,2.9
1931,3.4
1955,3.0
1935,2.9
1913,2.9
1934,3.3
1889,3.6
1890,3.0
1919,3.7
1967,3.9
1951,3.6
1959,3.4
1950,2.7
1929,2.7
1948,3.3
1944,2.8
1945,3.4
1975,3.3
1989,3.8
1958,3.7
1940,3.6
1974,3.5
1994,3.7
1952,3.3
1971,3.1
1957,3.0
1969,3.3
1962,3.3
1966,3.0
1982,3.8
1968,3.8
1996,3.3
1978,3.4
1938,3.3
1976,3.0
1987,2.7
1983,3.5
1965,3.1
1943,3.2
1995,3.5
1956,3.6
1953,3.2
1963,2.4
1964,3.5
1961,3.0
1979,3.3
1985,3.5
1998,3.4
1973,2.9
2001,3.4
1993,3.6
1977,3.4
2008,3.7
2002,3.4
1972,2.6
1954,3.3
1984,3.4
1997,3.3
1990,2.8
1992,3.1
2006,3.5
2004,3.4
2009,3.6
1980,3.6
1949,3.2
2005,3.6
1986,3.3
2019,3.4
2030,3.0
2029,3.5
1970,2.7
2034,3.6
2011,3.3
2031,3.7
2027,3.1
2042,3.6
2022,3.3
2007,2.7
2035,3.6
2000,3.4
2041,3.1
2028,2.9
1999,2.8
1981,3.5
2020,3.3
2017,3.4
2018,3.1
2050,3.6
2021,2.9
2037,3.3
2015,3.2
2012,3.4
2023,3.5
2013,2.9
2014,3.1
1991,3.2
2045,3.6
2055,3.1
2043,3.6
2036,2.8
2060,3.4
2024,3.3
2040,3.4
2016,2.7
2051,3.4
2056,3.6
2052,3.7
2010,2.8
2053,2.8
2048,3.6
2003,2.9
2047,3.6
2046,3.1
2032,3.3
2044,3.1
2069,3.9
2062,3.3
2038,3.2
2049,3.0
2075,3.8
2076,3.5
2072,3.2
2078,3.8
2058,2.8
2054,3.1
2098,3.2
2025,2.9
2026,3.5
2087,3.4
2077,3.1
2057,3.6
2070,2.9
2089,3.6
2084,3.6
2066,2.8
2094,3.5
2105,3.2
2067,3.5
2106,3.3
2068,3.3
2112,3.5
1988,2.8
2097,3.4
2080,3.6
2039,3.2
2082,3.3
2063,3.4
2103,3.6
2101,3.4
2090,3.4
2085,3.7
2059,3.0
2113,3.6
2104,3.6
2102,3.0
2081,3.4
2122,3.1
2114,3.1
2095,3.6
2091,3.0
2061,3.3
2074,2.6
2109,3.4
2111,3.3
2134,2.9
2116,3.6
2065,3.3
2107,3.6
2096,3.1
2115,3.3
2064,2.8
2086,2.6
2124,3.7
2125,3.6
2120,2.9
2126,3.4
2100,3.4
2128,3.1
2118,3.0
2073,2.6
2117,3.3
2110,3.4
2147,3.2
2092,3.1
2129,3.6
2083,3.4
2093,3.0
2146,3.4
2108,3.4
2133,3.6
2121,3.2
2099,3.0
2170,3.0
2130,3.2
2139,3.0
2033,2.4
2079,2.7
2132,2.9
2150,3.5
2141,3.0
2156,3.6
2161,3.3
2119,2.6
2138,2.7
2135,3.1
2154,3.7
2149,3.5
2155,3.6
2131,3.2
2145,3.1
2136,3.4
2144,3.6
2180,3.3
2174,3.6
2071,3.4
2123,3.0
2127,3.0
2167,2.8
2164,3.7
2153,3.7
2152,3.3
2182,3.6
2166,3.4
2143,2.4
2160,3.5
2137,3.6
2184,3.7
2171,3.4
2088,3.3
2188,3.7
2163,3.0
2165,2.3
2194,3.3
2183,3.5
2178,3.4
2148,3.3
2168,3.2
2197,3.4
2140,2.6
2162,3.7
2142,3.1
2190,3.4
2206,3.4
2211,3.8
2198,3.3
2172,3.3
2212,3.5
2189,3.5
2179,3.5
2193,3.5
2177,3.2
2207,3.2
2204,3.5
2195,3.6
2216,3.7
2181,3.0
2151,2.8
2208,3.5
2173,3.2
2214,3.3
2158,3.5
2169,2.9
2213,3.3
2220,3.5
2187,2.5
2175,3.1
2159,3.3
2203,3.4
2202,3.4
2191,3.2
2192,3.3
2186,2.8
2157,3.1
2209,3.4
2176,3.4
2199,3.7
2221,3.5
2215,3.1
2222,2.9
2201,2.9
2242,3.1
2200,2.9
2196,3.0
2237,3.6
2218,2.5
2219,3.5
2228,3.1
2245,3.2
2230,3.2
2263,3.7
2239,3.7
2205,3.5
2185,3.4
2254,3.6
2247,3.1
2246,3.0
2227,3.5
2240,3.4
2253,3.3
2235,3.4
2244,3.6
2223,3.5
2264,3.4
2251,3.5
2261,3.3
2236,3.2
2238,3.7
2225,2.8
2224,2.9
2270,3.3
2226,3.3
2257,3.6
2232,3.2
2248,3.4
2255,3.8
2260,3.4
2268,3.8
2243,3.0
2256,3.2
2258,3.4
2265,3.6
2233,2.6
2280,3.7
2229,3.4
2266,3.6
2249,3.4
2285,3.8
2259,3.0
2262,3.6
2250,3.5
2287,2.9
2279,3.4
2293,3.7
2274,3.4
2290,3.4
2289,3.7
2298,2.9
2297,3.3
2241,3.2
2252,3.4
2282,3.3
2281,3.3
2210,3.1
2295,3.6
2288,3.5
2267,3.2
2231,3.0
2217,3.3
2234,2.7
2284,3.3
2276,3.6
2304,3.1
2271,3.6
2272,3.3
2301,3.5
2306,3.1
2315,3.7
2317,3.0
2308,3.4
2277,2.8
2275,3.0
2296,2.7
2291,2.4
2269,3.3
2303,3.1
2299,2.6
2313,3.2
2320,3.9
2307,3.2
2329,3.5
2309,3.6
2316,3.8
2286,3.5
2300,3.2
2273,3.0
2302,3.1
2321,3.2
2278,2.9
2343,3.5
2330,2.8
2310,3.0
2305,3.3
2353,3.6
2323,3.3
2318,3.5
2344,3.2
2349,3.4
2311,3.6
2333,3.4
2355,2.5
2337,3.6
2314,3.2
2336,3.2
2332,3.1
2325,3.0
2328,3.2
2362,3.8
2334,3.0
2340,3.7
2360,3.7
2342,3.5
2350,2.9
2283,3.2
2341,3.4
2324,2.7
2363,3.1
2294,3.3
2348,3.4
2326,3.1
2338,3.4
2365,3.3
2380,3.7
2292,3.2
2357,3.1
2354,3.0
2366,3.2
2359,3.6
2372,3.7
2371,3.4
2361,3.3
2385,3.4
2374,3.3
2370,3.5
2356,2.6
2382,3.5
2345,3.3
2377,3.3
2358,3.2
2335,2.5
2331,3.0
2346,2.8
2352,3.3
2400,3.6
2327,3.0
2322,3.0
2391,3.7
2404,3.6
2403,3.8
2399,3.7
2393,3.3
2383,3.4
2364,3.1
2367,3.4
2339,3.0
2416,3.5
2351,3.2
2407,2.9
2381,2.9
2373,3.2
2390,3.3
2388,3.3
2384,3.0
2347,2.7
2405,3.2
2419,3.9
2386,3.3
2398,3.3
2392,2.6
2319,3.1
2411,3.5
2423,3.7
2413,3.5
2397,3.2
2402,3.6
2376,3.0
2375,3.2
2389,3.3
2368,3.5
2410,3.3
2387,3.1
2441,3.5
2312,3.3
2401,2.8
2406,3.4
2420,3.3
2408,3.3
2428,2.9
2378,3.2
2426,2.9
2436,3.0
2446,3.2
2432,3.4
2409,3.3
2448,3.7
2394,2.9
2418,2.9
2459,3.9
2442,3.4
2415,3.8
2369,2.5
2422,3.2
2424,2.5
2447,3.5
2414,2.7
2434,3.1
2427,3.1
2450,3.4
2431,3.3
2396,3.4
2449,3.1
2460,3.7
2439,3.4
2379,2.2
2440,3.5
2412,3.0
2430,3.0
2470,3.5
2445,3.1
2463,2.8
2471,3.4
2444,3.3
2421,2.8
2417,2.2
2473,3.6
2466,3.0
2462,3.6
2437,3.3
2469,3.1
2395,3.2
2435,3.0
2425,3.0
2467,3.1
2480,3.2
2478,3.1
2475,3.1
2483,3.8
2474,3.2
2454,3.1
2500,3.5
2488,3.7
2496,3.6
2482,3.8
2452,3.2
2438,3.5
2476,3.2
2451,2.8
2468,3.7
2456,2.9
2499,3.1
2472,3.3
2487,3.4
2508,3.7
2465,3.3
2477,3.0
2489,3.4
2515,3.6
2457,3.8
2501,3.4
2453,2.8
2497,3.4
2464,2.1
2504,3.8
2458,2.8
2485,3.4
2503,3.4
2479,3.3
2533,3.3
2511,3.3
2486,3.1
2492,3.2
2522,3.7
2490,3.3
2484,3.3
2481,3.1
2461,3.6
2491,2.8
2455,3.0
2443,3.1
2493,3.3
2513,3.4
2528,3.2
2510,3.1
2526,3.0
2505,3.1
2494,3.0
2498,3.1
2525,3.5
2517,3.5
2514,3.4
2516,3.0
2548,3.1
2521,3.0
2507,2.9
2502,3.5
2538,3.7
2535,3.4
2495,3.4
2529,3.1
2512,3.2
2509,3.1
2536,3.4
2429,3.2
2554,3.4
2524,3.3
2530,3.1
2518,2.9
2532,2.8
2534,3.5
2547,3.4
2553,3.3
2520,3.0
2523,3.3
2545,3.4
2571,3.3
2555,3.5
2557,3.6
2552,3.1
2542,3.3
2569,2.8
2570,2.9
2561,3.1
2572,3.7
2558,3.6
2543,3.4
2582,3.6
2540,3.5
2565,3.2
2541,3.2
2591,3.7
2559,3.3
2579,3.2
2506,2.2
2551,3.3
2583,3.7
2550,2.8
2574,3.6
2549,3.1
2537,2.6
2539,3.3
2556,3.2
2527,2.8
2578,3.4
2563,3.6
2593,3.4
2596,3.4
2566,3.7
2560,2.9
2600,3.8
2573,3.2
2564,3.1
2562,3.4
2575,3.4
2546,3.1
2568,3.1
2577,3.1
2586,3.3
2519,3.1
2576,3.5
2592,2.9
2588,3.2
2531,2.9
2433,3.1
2602,3.6
2614,3.4
2567,3.5
2581,3.6
2615,2.7
2584,3.1
2590,3.6
2585,3.4
2624,3.1
2587,3.4
2597,3.2
2580,3.4
2607,3.2
2594,3.1
2618,3.5
2606,3.5
2619,3.7
2639,3.4
2604,3.1
2630,2.8
2608,3.4
2612,3.2
2616,3.5
2605,3.6
2599,3.3
2598,3.2
2623,3.3
2634,3.0
2653,3.6
2642,3.5
2610,3.2
2648,3.5
2647,3.7
2627,3.2
2633,3.7
2609,3.1
2613,3.3
2617,2.9
2544,2.6
2644,3.5
2628,3.3
2646,3.3
2641,3.0
2664,3.7
2622,3.5
2620,3.6
2589,3.1
2638,3.5
2595,2.1
2651,3.7
2655,2.9
2661,3.0
2645,3.3
2636,3.4
2601,2.7
2621,3.3
2670,3.5
2631,3.7
2686,3.4
2659,3.2
2650,2.9
2654,3.4
2656,3.0
2649,3.5
2652,3.0
2637,3.3
2603,3.0
2658,3.6
2675,3.1
2679,3.7
2678,3.1
2669,3.6
2668,3.3
2666,3.2
2671,3.4
2674,3.3
2625,3.2
2681,3.6
2677,2.8
2687,3.4
2693,3.2
2657,3.2
2626,3.0
2640,3.2
2688,3.1
2667,3.5
2611,3.2
2643,2.9
2694,3.2
2692,3.4
2672,3.2
2632,3.1
2701,3.5
2673,3.4
2698,3.0
2635,3.0
2662,3.5
2676,2.7
2680,3.4
2629,3.3
2663,3.5
2699,3.7
2706,3.2
2700,3.4
2708,3.3
2660,3.4
2709,3.3
2704,3.2
2712,3.7
2665,3.0
2732,3.3
2730,3.7
2726,3.3
2682,3.4
2725,3.5
2689,2.8
2697,3.0
2703,3.5
2684,3.3
2719,3.4
2724,2.6
2728,3.2
2749,3.3
2756,3.6
2738,3.3
2711,3.2
2695,2.8
2722,3.2
2717,3.2
2713,3.3
2691,3.1
2683,3.3
2748,3.5
2745,3.1
2741,3.1
2720,3.6
2740,3.2
2742,3.4
2715,3.3
2743,3.1
2734,3.6
2731,2.9
2747,3.2
2727,3.3
2690,2.6
2707,3.2
2737,3.2
2767,3.9
2723,3.3
2685,3.4
2714,3.2
2755,3.8
2753,3.2
2716,2.8
2735,3.3
2752,3.5
2729,3.1
2721,3.1
2780,3.1
2763,3.5
2744,2.9
2764,3.4
2757,2.9
2746,3.3
2761,3.3
2773,3.5
2696,2.5
2769,3.4
2775,3.7
2788,3.6
2710,3.2
2787,3.3
2739,3.1
2702,2.8
2733,3.2
2759,3.3
2760,3.5
2786,3.6
2771,3.5
2793,3.7
2792,3.4
2762,3.4
2782,3.7
2770,3.4
2802,3.8
2800,3.4
2795,3.5
2783,3.7
2754,3.0
2808,3.6
2751,3.0
2765,3.2
2804,3.7
2807,3.3
2809,3.0
2718,3.0
2736,3.1
2758,3.6
2779,3.0
2705,3.1
2768,2.8
2796,3.2
2774,2.8
2812,3.7
2794,3.3
2791,3.3
2820,3.1
2766,2.9
2784,3.4
2785,3.0
2772,3.3
2806,3.2
2828,3.4
2813,3.7
2789,3.2
2781,3.1
2778,2.6
2797,3.2
2814,3.3
2824,3.4
2790,3.2
2822,3.6
2777,3.2
2805,3.3
2750,2.8
2811,2.9
2817,3.3
2801,3.2
2776,3.2
2830,3.6
2803,3.6
2836,3.4
2823,3.6
2837,3.4
2842,3.4
2843,2.7
2816,3.0
2840,3.5
2841,3.4
2798,2.9
2856,3.3
2833,3.1
2832,3.1
2855,3.6
2829,3.1
2821,3.0
2859,3.5
2854,3.3
2810,3.4
2839,3.3
2831,3.1
2870,3.5
2834,3.4
2880,3.7
2815,3.1
2827,3.3
2851,3.3
2862,3.2
2857,3.3
2825,3.6
2818,3.5
2847,3.1
2861,3.4
2878,3.2
2865,3.2
2868,3.2
2876,3.2
2838,3.5
2875,3.8
2883,3.7
2873,3.7
2872,3.0
2866,3.0
2874,3.0
2863,3.4
2867,3.5
2897,2.4
2858,3.4
2864,3.4
2819,2.9
2886,3.0
2889,2.5
2835,2.8
2844,3.2
2888,3.3
2871,3.6
2826,3.2
2853,3.1
2845,3.2
2846,2.9
2905,3.5
2915,3.5
2860,3.2
2848,3.0
2877,3.2
2891,3.1
2799,3.2
2923,3.7
2913,3.4
2893,3.3
2852,3.1
2882,3.6
2850,2.9
2869,3.4
2918,3.4
2912,3.4
2908,3.3
2919,3.6
2902,3.5
2924,3.2
2849,3.2
2887,2.9
2892,3.4
2909,3.7
2896,3.3
2903,3.2
2914,3.3
2885,2.8
2879,2.8
2920,3.2
2900,3.4
2906,3.0
2916,3.4
2904,3.7
2901,3.3
2911,3.8
2922,3.4
2881,2.8
2949,3.7
2917,3.3
2953,3.6
2944,3.3
2940,2.8
2942,3.7
2932,2.5
2895,3.4
2898,3.3
2937,3.0
2927,3.2
2939,2.8
2955,3.5
2936,3.5
2956,3.3
2948,3.3
2894,3.6
2975,3.7
2929,3.6
2926,3.7
2910,2.6
2952,2.6
2928,2.9
2947,3.3
2884,3.1
2959,3.3
2890,3.2
2950,3.3
2935,3.4
2925,2.9
2961,1.8
2933,2.9
2965,3.7
2907,2.9
2958,3.6
2966,3.3
2957,3.5
2934,3.4
2899,2.7
2969,3.7
2963,3.6
2945,3.3
2931,2.7
2962,3.5
2967,3.5
2981,3.4
2973,3.7
2971,3.3
2954,3.5
2938,2.4
2977,3.6
2960,3.3
2968,3.6
2946,3.1
2976,2.7
2930,3.5
3007,3.8
2964,3.4
2992,3.7
3011,3.6
3008,3.5
3015,4.0
3017,3.6
2999,3.7
2993,3.3
2979,3.3
2974,3.5
2987,3.3
2988,3.4
2985,3.3
2980,2.8
2921,3.3
2984,3.4
2991,3.5
3019,2.8
2978,2.9
3003,3.3
3018,3.4
3009,3.5
2989,3.3
3022,3.7
2941,2.7
2998,3.4
3021,3.2
2982,3.4
3024,3.7
3034,3.1
3033,3.4
2986,3.3
3028,3.7
3010,3.2
2990,3.0
3031,3.3
2995,3.4
3002,3.4
3027,3.1
2997,2.5
3039,2.9
3025,3.3
3029,2.9
3026,3.3
3006,2.9
3000,3.4
3014,3.6
2996,3.2
3020,3.6
3016,3.3
3032,3.6
2951,3.2
3013,3.2
3036,3.2
2983,3.0
3042,3.1
2994,3.3
3037,3.3
3004,3.0
2970,2.8
3023,2.8
3035,3.2
2972,2.4
3049,3.4
3001,3.0
3054,3.6
3040,3.1
3012,3.2
3005,3.0
3064,3.3
3051,3.0
3067,2.4
3038,3.4
3063,3.3
3045,2.9
3055,3.6
2943,3.2
3058,3.7
3081,3.2
3069,3.5
3073,3.3
3084,3.7
3057,3.3
3052,2.8
3043,3.0
3079,3.5
3065,3.4
3076,3.7
3050,3.6
3070,2.6
3046,2.4
3066,2.7
3060,3.2
3048,3.4
3041,2.9
3089,3.1
3030,3.1
3059,3.5
3100,3.6
3068,2.9
3074,3.3
3102,3.7
3097,2.8
3085,2.9
3088,3.5
3082,3.7
3047,2.6
3053,3.3
3083,3.1
3062,2.8
3087,3.4
3056,3.2
3086,3.5
3090,3.0
3114,3.4
3120,3.1
3061,3.6
3111,3.5
3115,3.3
3044,3.1
3071,3.2
3101,3.4
3072,3.6
3112,3.5
3077,3.3
3121,3.4
3107,3.8
3092,3.2
3134,3.6
3095,3.3
3108,2.9
3129,3.7
3105,3.2
3099,3.1
3109,3.1
3142,3.9
3140,3.3
3110,3.6
3123,3.3
3091,3.0
3124,3.4
3104,3.2
3096,3.3
3098,3.5
3138,3.3
3126,3.3
3127,3.4
3119,3.2
3146,3.5
3143,3.3
3113,3.2
3131,3.1
3141,3.3
3144,3.4
3122,3.5
3075,3.0
3148,3.6
3080,2.9
3094,3.1
3103,2.8
3130,3.4
3154,3.1
3125,3.3
3157,3.1
3116,3.0
3135,3.5
3128,3.4
3132,3.1
3145,3.2
3147,3.7
3168,3.2
3152,3.2
3160,3.5
3106,3.3
3118,3.5
3137,2.9
3133,2.9
3156,3.5
3136,2.9
3139,3.4
3180,3.5
3166,3.2
3150,2.9
3165,3.0
3163,3.0
3078,3.3
3159,3.4
3171,3.5
3188,3.7
3183,2.5
3117,2.6
3164,3.8
3158,3.6
3199,3.6
3170,3.6
3190,3.2
3174,3.3
3181,3.0
3184,3.6
3196,3.7
3213,3.6
3155,3.3
3176,3.4
3175,3.6
3153,3.2
3169,3.3
3197,3.3
3206,3.7
3187,3.4
3205,3.3
3172,3.2
3186,3.0
3185,3.4
3192,3.5
3093,2.6
3194,3.2
3151,3.5
3173,3.4
3226,3.6
3210,3.7
3193,2.8
3214,3.5
3209,3.0
3182,3.3
3211,3.4
3203,3.4
3221,2.9
3207,2.9
3178,3.0
3189,3.4
3204,3.4
3200,3.1
3216,3.1
3167,3.2
3224,3.4
3161,3.7
3228,3.8
3233,3.1
3235,3.9
3227,3.1
3240,3.4
3218,3.5
3195,2.4
3212,3.4
3179,3.4
3149,3.0
3191,2.7
3217,3.2
3198,3.4
3220,3.0
3231,3.6
3177,3.5
3229,3.5
3260,3.8
3162,2.8
3219,3.2
3215,2.4
3251,3.3
3222,3.1
3245,3.6
3237,3.3
3202,3.4
3261,3.8
3252,3.3
3242,3.5
3223,3.0
3247,3.1
3232,3.3
3255,3.3
3241,3.0
3201,3.2
3234,3.2
3268,3.6
3236,3.3
3244,2.9
3258,3.1
3208,3.3
3269,3.3
3249,3.4
3230,3.5
3265,3.6
3279,3.4
3238,3.2
3266,3.4
3254,3.2
3225,2.8
3257,3.5
3280,3.8
3239,3.0
3285,3.5
3256,3.1
3286,3.6
3277,3.6
3253,3.7
3262,2.9
3281,3.2
3274,2.9
3248,3.2
3246,3.2
3311,3.4
3276,3.2
3250,3.3
3278,3.2
3263,3.2
3264,3.0
3270,3.5
3296,3.6
3315,3.2
3259,3.3
3288,3.8
3298,3.4
3287,3.1
3295,3.4
3273,3.4
3290,3.4
3243,2.4
3272,3.2
3303,3.6
3302,3.3
3292,3.4
3267,2.2
3304,3.1
3284,3.3
3283,3.5
3320,3.6
3309,3.5
3300,3.2
3308,2.9
3313,3.3
3305,3.2
3328,3.4
3294,2.8
3317,3.4
3297,3.5
3314,2.9
3330,3.6
3293,3.1
3318,3.3
3310,3.2
3299,3.0
3291,3.1
3271,2.8
3282,3.1
3316,3.0
3329,3.6
3322,3.3
3312,2.9
3345,3.4
3326,3.5
3325,3.4
3319,2.9
3327,3.6
3306,2.6
3337,3.3
3289,3.0
3323,3.3
3344,3.5
3343,3.3
3356,3.3
3324,2.7
3341,3.1
3369,2.6
3335,3.5
3362,3.2
3351,3.7
3342,3.3
3321,3.1
3349,3.2
3346,2.7
3360,3.1
3350,3.2
3333,3.4
3334,3.3
3359,3.2
3331,3.2
3358,3.8
3354,3.4
3301,3.6
3364,3.6
3332,3.4
3387,3.7
3348,3.5
3376,3.9
3275,3.3
3355,3.3
3385,2.7
3336,3.1
3370,3.6
3307,3.5
3352,3.0
3338,3.5
3377,3.6
3373,3.3
3388,3.3
3380,3.3
3386,3.5
3391,3.6
3361,3.0
3399,3.3
3365,2.7
3353,3.5
3367,3.2
3339,3.4
3381,3.0
3394,3.0
3378,3.3
3390,3.0
3379,2.8
3393,3.5
3366,2.7
3357,3.3
3371,2.6
3400,3.2
3404,2.9
3406,3.3
3363,3.0
3414,3.1
3384,3.3
3392,3.2
3396,3.5
3405,3.0
3403,3.2
3389,2.7
3408,3.5
3413,3.0
3419,3.7
3383,3.4
3398,3.2
3347,2.4
3412,3.7
3416,2.5
3421,3.1
3375,3.1
3417,3.7
3368,3.2
3440,3.4
3410,3.5
3374,2.9
3415,3.3
3426,3.4
3382,3.2
3430,3.5
3401,3.3
3429,3.3
3432,3.6
3423,2.7
3340,3.1
3418,3.0
3450,3.4
3431,2.9
3407,3.3
3433,3.4
3428,3.4
3443,3.9
3397,3.6
3427,3.5
3449,3.1
3434,3.7
3422,2.9
3453,3.7
3461,3.4
3395,3.4
3459,3.2
3435,2.9
3437,3.3
3472,2.6
3466,3.6
3452,2.9
3411,3.4
3372,2.8
3457,3.2
3451,3.4
3425,2.9
3446,2.9
3424,2.8
3436,3.6
3441,3.3
3463,3.4
3454,2.7
3458,2.8
3447,3.4
3465,3.8
3409,3.1
3402,3.3
3448,2.9
3456,3.6
3438,2.8
3445,3.8
3469,3.8
3439,3.1
3480,3.3
3444,3.2
3462,3.5
3460,3.5
3478,3.2
3468,3.4
3464,3.3
3495,2.6
3470,3.3
3483,3.5
3455,3.1
3487,3.9
3420,3.1
3513,3.8
3477,2.5
3486,3.4
3497,2.9
3494,2.9
3481,3.6
3493,2.8
3502,3.5
3489,3.4
3503,3.5
3482,3.4
3473,3.3
3475,3.4
3499,3.5
3498,3.2
3471,3.0
3522,3.6
3490,3.7
3511,3.5
3467,3.2
3442,3.3
3507,2.7
3504,3.6
3512,3.6
3488,3.2
3515,3.0
3509,3.3
3474,3.5
3519,3.4
3479,3.3
3528,3.3
3476,2.9
3516,3.3
3525,3.6
3517,3.3
3518,3.4
3510,3.3
3536,3.6
3506,3.4
3508,3.2
3505,3.4
3485,2.9
3524,2.9
3500,3.3
3543,3.4
3484,3.3
3558,3.9
3539,3.4
3530,3.7
3526,3.0
3491,3.2
3492,3.4
3549,3.5
3538,3.2
3532,3.6
3523,2.6
3551,3.6
3544,3.1
3520,3.0
3556,3.6
3545,3.5
3537,3.2
3496,3.3
3501,3.4
3521,2.9
3572,2.9
3533,3.4
3565,3.4
3527,3.0
3554,3.7
3531,2.6
3562,3.6
3581,3.6
3514,3.1
3559,3.5
3535,2.9
3557,3.0
3547,3.1
3553,3.5
3540,3.2
3550,3.2
3571,3.6
3529,3.0
3568,3.1
3567,3.4
3546,3.5
3548,3.6
3541,3.5
3570,3.3
3585,3.6
3534,2.9
3552,3.0
3582,3.3
3574,3.3
3561,3.2
3542,3.4
3583,3.1
3564,3.2
3616,3.4
3578,3.2
3580,3.0
3597,3.5
3560,2.8
3577,2.8
3588,3.5
3566,3.4
3592,3.4
3604,3.3
3569,3.4
3555,3.6
3612,3.7
3590,3.0
3611,3.3
3596,2.7
3579,3.2
3595,3.0
3573,3.2
3586,3.6
3591,3.4
3594,3.3
3617,3.7
3563,2.9
3598,3.4
3610,3.3
3584,2.7
3606,3.6
3575,3.1
3607,2.9
3589,2.9
3593,2.8
3630,3.5
3587,3.1
3608,2.9
3639,3.7
3628,3.1
3601,3.1
3599,3.3
3621,3.2
3629,3.6
3602,3.4
3605,3.5
3615,2.7
3638,3.7
3603,3.1
3600,3.4
3640,3.1
3637,3.3
3650,3.5
3622,2.9
3614,3.4
3632,3.1
3620,3.4
3624,3.4
3631,2.5
3613,3.4
3609,3.3
3627,3.6
3647,3.8
3636,3.0
3641,3.4
3623,3.1
3619,3.6
3635,3.7
3618,3.3
3634,3.2
3644,3.6
3626,3.4
3651,3.4
3649,3.1
3657,3.3
3655,3.2
3663,3.3
3664,3.5
3645,2.8
3661,3.7
3653,3.8
3667,3.4
3654,3.0
3633,3.4
3642,3.7
3684,3.0
3656,3.4
3643,3.2
3686,3.3
3625,2.8
3652,2.9
3660,3.5
3648,3.1
3668,3.4
3683,3.8
3682,3.4
3703,3.0
3646,2.7
3671,3.3
3665,3.1
3658,3.1
3576,2.9
3673,3.7
3666,3.5
3702,3.5
3692,3.8
3674,3.5
3717,2.9
3700,3.5
3678,3.3
3672,3.7
3687,3.6
3662,2.6
3659,3.7
3693,3.4
3699,3.7
3685,3.2
3709,3.7
3704,3.3
3676,3.2
3669,3.3
3714,3.7
3681,3.2
3690,3.4
3708,2.9
3691,3.3
3675,3.3
3696,3.3
3680,3.5
3725,3.4
3706,3.7
3677,3.2
3710,3.5
3724,3.0
3695,3.5
3688,3.1
3730,3.5
3715,3.4
3738,3.6
3719,3.4
3745,3.7
3732,2.9
3720,3.3
3705,3.1
3712,3.4
3741,3.6
3748,3.5
3713,3.4
3718,3.4
3733,3.3
3694,2.7
3728,3.1
3729,3.2
3670,3.4
3735,3.4
3740,3.8
3698,2.8
3697,3.2
3731,3.1
3736,2.9
3701,3.0
3722,3.3
3756,3.8
3742,2.9
3749,2.9
3743,3.6
3747,3.6
3739,3.6
3689,3.0
3727,3.2
3764,3.5
3711,3.0
3716,3.2
3726,3.4
3765,3.5
3782,3.1
3723,3.1
3734,3.2
3746,3.3
3775,3.2
3753,3.4
3707,3.3
3770,3.5
3744,3.4
3721,3.1
3750,2.9
3758,3.4
3737,3.1
3795,3.3
3778,3.4
3772,2.9
3776,3.3
3768,3.2
3763,2.9
3783,3.4
3798,3.2
3786,3.6
3761,3.0
3766,3.0
3752,2.6
3777,3.5
3757,2.8
3760,3.2
3797,3.6
3785,3.6
3767,3.4
3789,2.8
3802,3.6
3781,3.1
3799,3.6
3796,3.5
3800,3.2
3754,3.6
3755,3.3
3773,3.1
3805,3.6
3787,3.1
3793,3.4
3825,3.4
3762,3.5
3816,3.4
3774,3.2
3801,3.6
3769,3.4
3771,3.3
3804,3.3
3779,3.2
3751,3.3
3833,3.4
3818,3.1
3791,3.3
3794,3.0
3814,3.2
3788,3.0
3784,2.9
3790,3.3
3819,3.5
3780,3.2
3809,2.9
3792,2.6
3813,3.1
3811,3.3
3821,3.1
3817,2.8
3822,3.6
3810,3.1
3835,3.1
3679,2.6
3806,3.1
3828,3.5
3853,3.2
3823,3.5
3808,3.0
3840,3.3
3838,3.6
3848,3.6
3836,3.7
3854,3.8
3759,3.0
3830,3.5
3827,3.5
3859,3.4
3837,3.0
3803,2.7
3846,3.5
3807,3.0
3832,3.1
3857,3.5
3844,3.4
3826,2.6
3855,3.6
3850,3.6
3824,3.1
3841,3.7
3858,3.3
3847,3.3
3831,3.5
3870,3.5
3812,3.2
3829,3.1
3839,3.0
3851,3.7
3820,2.4
3868,3.0
3815,3.2
3879,3.7
3860,3.3
3842,3.2
3864,3.8
3883,3.7
3867,3.1
3872,3.2
3845,3.4
3891,3.7
3849,3.6
3892,3.5
3863,3.2
3903,3.2
3861,3.5
3888,2.8
3881,3.2
3866,3.3
3869,3.6
3890,3.2
3834,3.0
3907,3.7
3874,3.2
3865,3.5
3884,3.7
3852,3.0
3875,3.4
3909,3.4
3885,3.0
3904,3.3
3887,3.1
3843,3.4
3897,3.4
3928,3.8
3873,3.0
3877,2.9
3911,3.2
3901,3.7
3920,3.1
3878,3.3
3905,3.1
3893,2.9
3876,3.3
3880,3.2
3899,3.6
3922,3.2
3856,2.9
3871,2.6
3918,3.5
3862,2.7
3894,3.0
3921,3.3
3919,2.5
3914,3.3
3900,2.8
3924,3.0
3896,3.0
3898,3.3
3931,3.2
3944,3.6
3916,3.5
3923,3.7
3925,3.3
3933,3.2
3906,3.5
3930,3.4
3935,3.7
3912,2.9
3908,2.9
3910,3.6
3940,3.0
3913,3.7
3936,3.0
3895,3.2
3938,3.3
3932,3.2
3954,3.7
3882,2.8
3937,3.3
3953,3.3
3941,3.8
3943,3.2
3942,3.4
3949,3.6
3889,3.3
3917,3.3
3947,3.1
3957,3.1
3902,2.8
3959,3.1
3960,3.8
3934,3.0
3929,3.2
3966,3.2
3956,3.6
3961,3.2
3981,3.6
3927,3.3
3939,3.3
3972,3.5
3945,3.5
3974,3.3
3950,3.5
3886,2.8
3976,3.4
3951,3.5
3964,3.4
3978,3.9
3965,3.4
3995,3.2
3969,3.5
3973,3.6
3975,3.7
3915,3.4
3992,3.7
3946,3.1
3987,2.7
3996,2.9
3958,3.3
3955,3.5
3970,3.3
3980,3.1
3948,3.0
4012,3.4
3979,3.7
3962,3.2
3999,3.6
3971,3.1
3989,3.1
3963,3.3
4004,3.6
4013,3.6
4005,3.6
3991,3.3
4006,3.6
3986,3.3
3983,3.6
4008,3.7
3952,3.1
4000,3.4
3982,3.0
3998,3.4
4003,3.4
3968,3.2
4026,3.4
3985,2.7
4010,3.0
3994,3.3
4015,3.5
4009,3.0
4034,3.5
4023,3.5
4038,3.4
4019,3.2
3926,3.1
4035,3.6
4022,3.7
4020,3.1
4011,3.2
4031,3.4
4002,2.9
3988,3.0
4016,3.2
4030,3.4
3984,3.0
4040,3.0
4018,3.3
4014,3.3
4041,3.0
4024,3.1
4025,3.3
3977,3.3
4027,3.3
3997,3.5
4017,3.1
3993,3.5
4056,3.6
4049,3.4
4032,2.5
3990,3.2
4036,3.3
4044,3.8
4062,3.2
4043,3.0
4070,3.7
4033,3.2
4039,3.0
4001,3.2
4063,3.3
4046,3.3
4045,3.1
4074,3.8
4029,3.6
4075,2.7
4083,3.6
4053,3.2
4054,3.5
4050,3.0
4042,3.5
4067,3.4
4093,3.6
4058,3.1
4084,3.7
4057,3.5
4052,3.5
3967,3.2
4065,3.4
4060,3.1
4078,3.2
4064,3.4
4051,3.1
4037,3.3
4079,3.3
4028,3.0
4072,3.3
4080,2.9
4071,2.7
4061,3.2
4069,3.5
4076,3.6
4097,3.5
4087,3.8
4090,3.5
4047,2.8
4007,3.1
4082,3.3
4021,3.5
4068,3.0
4055,3.2
4095,3.5
4091,3.3
4059,2.8
4086,3.1
4096,3.2
4116,3.5
4085,2.9
4048,3.2
4100,3.9
4107,3.1
4099,3.6
4113,3.7
4073,3.1
4119,3.5
4128,2.8
4077,3.4
4106,2.8
4110,3.3
4101,3.5
4124,3.6
4130,3.0
4098,3.8
4138,3.2
4121,3.6
4088,3.2
4143,3.3
4125,3.4
4109,3.5
4146,3.6
4126,3.2
4133,3.4
4092,3.3
4105,3.0
4122,3.3
4089,3.5
4066,2.8
4132,3.6
4148,3.1
4115,3.4
4135,3.0
4112,3.1
4117,2.9
4120,2.9
4081,3.2
4151,3.3
4139,3.2
4159,3.6
4147,3.4
4160,3.6
4104,3.0
4152,3.4
4164,3.4
4114,3.5
4103,3.4
4094,3.3
4161,3.1
4140,3.4
4141,3.2
4174,3.7
4127,3.1
4149,3.3
4156,3.2
4129,3.3
4123,2.7
4137,2.7
4111,2.8
4154,3.3
4131,2.6
4108,2.8
4155,3.2
4165,3.2
4173,3.4
4170,2.9
4118,2.9
4145,3.1
4163,3.1
4178,3.3
4166,3.5
4158,3.6
4185,3.7
4181,3.2
4172,3.5
4191,3.3
4136,3.3
4142,2.8
4153,3.4
4157,3.5
4162,3.2
4150,3.6
4189,3.5
4194,3.2
4167,3.5
4134,3.4
4183,3.3
4210,2.9
4205,3.8
4186,3.3
4187,3.5
4176,3.5
4175,3.6
4179,3.6
4199,3.0
4184,3.2
4195,3.4
4221,3.8
4180,3.1
4188,3.5
4171,3.5
4169,3.2
4102,3.3
4206,3.4
4144,3.1
4168,3.4
4192,3.5
4219,2.8
4197,3.2
4217,3.5
4201,3.4
4190,2.9
4216,3.4
4182,3.3
4203,3.2
4244,3.2
4230,3.4
4215,3.0
4240,3.4
4196,3.0
4193,3.3
4207,3.4
4198,3.2
4227,3.5
4255,3.9
4223,3.4
4212,2.9
4235,3.5
4225,3.6
4218,3.2
4177,3.1
4204,3.2
4209,3.1
4222,3.5
4252,3.3
4242,3.5
4236,3.2
4224,3.3
4229,3.4
4260,3.2
4245,3.7
4261,3.1
4264,3.2
4243,3.8
4241,3.2
4211,3.2
4259,3.1
4214,3.2
4254,3.2
4231,3.6
4250,3.0
4257,3.0
4248,3.2
4220,3.0
4267,3.8
4226,3.1
4238,3.4
4246,2.9
4234,3.1
4274,3.4
4262,3.3
4200,3.1
4256,3.5
4249,2.7
4202,2.9
4232,3.5
4213,3.4
4287,3.7
4251,3.5
4208,2.8
4258,3.0
4247,3.1
4263,3.3
4233,3.4
4297,3.9
4253,3.2
4228,2.9
4276,3.5
4281,3.7
4273,3.5
4277,3.7
4279,3.5
4286,3.6
4280,3.5
4266,3.1
4268,3.2
4294,3.7
4285,3.0
4291,3.2
4317,3.7
4269,3.7
4282,2.9
4296,3.7
4288,3.1
4278,3.2
4275,3.4
4319,3.7
4312,3.8
4300,3.5
4272,3.5
4292,3.8
4306,3.5
4310,3.0
4271,2.9
4295,2.3
4326,3.2
4239,2.8
4284,3.0
4308,3.3
4270,2.6
4331,3.7
4318,3.5
4330,3.7
4303,3.6
4315,3.5
4304,3.7
4322,3.4
4307,3.5
4237,3.0
4339,3.7
4305,2.9
4309,3.1
4293,3.1
4321,3.4
4325,2.7
4320,3.6
4302,3.2
4340,3.8
4289,2.5
4324,3.5
4323,3.5
4347,3.9
4313,3.4
4345,3.5
4327,3.6
4346,3.4
4334,3.3
4354,2.9
4333,2.6
4341,3.2
4357,3.7
4299,2.8
4314,3.5
4332,3.3
4336,3.8
4316,3.6
4265,3.0
4348,3.3
4355,3.4
4328,3.7
4311,3.2
4344,3.8
4374,3.6
4343,3.2
4366,3.2
4370,3.4
4361,3.4
4365,3.3
4283,3.2
4290,3.3
4335,3.2
4388,3.6
4359,3.4
4358,3.4
4378,3.2
4383,3.6
4301,3.2
4389,3.6
4352,3.0
4298,3.3
4351,3.2
4329,3.3
4360,3.3
4342,3.1
4382,3.2
4350,3.3
4390,3.6
4372,3.0
4391,3.7
4337,3.0
4373,2.9
4381,3.2
4376,3.0
4400,3.6
4356,3.2
4375,3.7
4403,3.7
4377,2.7
4338,2.8
4411,3.6
4371,3.3
4364,3.7
4392,3.3
4379,3.2
4408,3.7
4395,3.5
4406,3.1
4362,3.0
4349,2.8
4399,3.1
4387,3.3
4409,3.4
4369,3.4
4417,3.4
4425,3.7
4397,3.6
4394,3.6
4404,3.1
4363,3.5
4367,3.4
4415,3.6
4410,3.3
4436,3.6
4402,3.0
4421,3.7
4386,3.6
4418,3.5
4416,3.4
4398,3.0
4393,3.3
4385,2.9
4380,3.6
4401,3.4
4396,3.1
4429,3.7
4440,3.8
4445,3.3
4405,3.1
4384,3.0
4450,3.1
4431,3.0
4455,3.5
4353,3.4
4438,3.5
4433,3.0
4430,3.6
4448,3.6
4447,3.1
4368,2.9
4412,3.2
4424,3.5
4435,3.2
4452,3.3
4427,3.6
4434,3.2
4446,3.3
4451,3.1
4432,3.5
4454,3.2
4407,2.9
4420,3.3
4466,3.5
4467,3.5
4423,3.2
4460,3.5
4453,3.4
4442,3.6
4458,3.5
4444,3.2
4439,3.3
4457,3.2
4456,3.5
4413,3.1
4422,3.0
4414,3.2
4477,3.4
4437,3.3
4443,3.3
4479,3.8
4468,3.4
4481,3.9
4478,3.5
4474,3.5
4490,3.5
4441,3.1
4462,3.6
4470,3.6
4486,3.3
4426,2.6
4505,3.6
4483,3.5
4472,3.6
4482,3.4
4461,2.9
4464,3.5
4428,3.1
4473,3.8
4509,3.5
4487,3.1
4449,3.4
4465,3.5
4475,2.4
4469,2.7
4496,3.0
4508,3.4
4459,3.2
4484,3.5
4471,3.3
4512,3.5
4495,2.9
4513,3.3
4500,3.3
4521,3.2
4463,3.2
4517,3.3
4488,3.1
4506,3.4
4485,2.9
4501,3.5
4510,2.9
4499,3.4
4480,3.2
4523,3.4
4504,3.5
4532,3.5
4494,3.3
4419,3.3
4524,3.3
4491,3.0
4503,3.2
4507,3.8
4516,3.0
4538,3.6
4534,3.3
4498,3.4
4528,3.6
4492,3.1
4489,3.4
4541,3.6
4531,3.3
4526,3.2
4497,3.0
4511,3.4
4530,3.2
4522,2.6
4519,3.4
4493,2.7
4561,3.7
4542,3.6
4502,3.0
4545,3.3
4539,3.1
4544,3.0
4536,3.1
4514,3.1
4563,3.3
4564,3.8
4540,3.6
4535,3.5
4518,3.2
4527,3.1
4567,3.5
4550,3.6
4515,3.2
4570,3.7
4547,3.6
4546,3.2
4560,3.5
4476,3.4
4533,3.0
4543,3.6
4551,3.0
4593,3.5
4525,3.0
4584,3.4
4554,3.3
4566,3.5
4548,2.7
4580,3.1
4520,3.2
4568,3.1
4578,3.7
4549,3.8
4553,3.5
4537,3.3
4552,3.3
4556,3.4
4590,3.7
4575,3.3
4562,2.8
4581,3.4
4558,3.7
4598,3.1
4573,3.6
4559,3.3
4577,3.4
4605,3.0
4529,3.5
4600,2.9
4588,3.7
4594,3.7
4572,3.2
4576,3.2
4586,2.9
4557,3.0
4595,3.6
4589,3.0
4587,3.6
4583,3.1
4574,3.2
4612,3.5
4597,3.5
4579,3.5
4599,3.4
4555,3.1
4626,3.4
4608,2.5
4582,3.2
4571,3.4
4609,3.3
4585,2.6
4565,3.2
4635,3.6
4610,3.7
4592,3.1
4630,3.2
4618,3.6
4596,2.5
4622,3.2
4602,3.1
4642,2.8
4601,3.0
4641,3.5
4591,3.3
4624,2.6
4629,3.4
4569,2.8
4661,3.7
4604,3.6
4617,3.2
4603,2.9
4637,3.1
4628,3.5
4620,3.2
4643,3.3
4631,3.6
4614,3.1
4607,3.6
4636,3.5
4627,3.0
4658,3.0
4616,2.7
4660,3.5
4644,3.5
4645,3.0
4659,3.4
4638,3.4
4606,3.4
4621,3.4
4648,3.7
4664,3.3
4625,3.6
4652,3.2
4663,3.5
4651,2.9
4613,3.0
4649,3.6
4615,3.4
4647,3.4
4669,3.9
4677,3.8
4653,3.3
4666,3.0
4639,3.4
4686,3.4
4650,2.9
4667,3.3
4640,3.6
4611,3.2
4646,3.0
4676,3.4
4634,3.5
4680,3.6
4619,3.0
4665,3.1
4655,3.5
4673,3.1
4681,3.7
4656,3.3
4662,3.5
4654,2.7
4684,3.3
4674,3.2
4710,3.0
4632,2.9
4693,3.3
4685,3.6
4623,3.4
4699,3.1
4692,3.6
4694,3.3
4690,3.4
4657,3.1
4682,3.6
4633,3.2
4683,3.4
4696,3.1
4702,2.7
4705,3.7
4698,3.5
4672,3.3
4679,3.2
4671,2.9
4715,3.6
4678,2.7
4727,3.4
4697,3.1
4706,3.1
4723,3.0
4701,3.7
4703,3.2
4712,3.3
4689,3.2
4668,2.9
4691,2.5
4688,3.1
4711,3.6
4717,3.3
4709,3.5
4704,3.0
4700,3.2
4725,3.3
4718,3.3
4735,3.7
4719,3.4
4687,3.2
4740,3.1
4731,3.2
4695,2.9
4707,3.2
4713,2.6
4708,3.6
4747,3.8
4728,3.7
4730,3.6
4739,2.5
4738,3.3
4758,3.6
4726,3.6
4746,3.3
4721,3.5
4736,3.4
4722,2.8
4757,3.3
4765,3.3
4774,3.5
4745,3.0
4755,3.5
4675,3.0
4773,3.4
4732,3.2
4760,3.1
4754,3.1
4729,3.1
4744,3.4
4734,3.4
4750,3.5
4724,3.1
4768,3.5
4733,3.3
4670,3.1
4785,3.8
4769,2.5
4741,2.8
4779,2.6
4720,3.0
4761,2.4
4752,3.3
4737,3.3
4714,3.3
4716,2.7
4749,2.9
4770,3.1
4753,3.3
4791,3.5
4742,3.5
4743,2.9
4781,3.4
4782,3.7
4796,3.5
4763,3.0
4784,3.2
4792,3.6
4764,3.4
4776,3.1
4767,3.2
4756,2.8
4793,3.7
4805,3.4
4748,3.3
4751,3.0
4790,3.6
4783,2.9
4788,2.9
4777,3.5
4780,3.6
4807,3.2
4800,3.1
4810,3.2
4786,3.7
4775,3.6
4814,3.5
4803,3.4
4797,3.2
4804,3.3
4766,3.5
4798,3.3
4816,3.3
4799,3.3
4762,3.2
4812,3.2
4822,3.3
4801,3.3
4819,2.6
4813,3.4
4832,3.7
4826,3.5
4833,3.7
4806,3.7
4808,3.4
4850,3.8
4815,3.1
4794,3.1
4778,3.3
4843,3.6
4821,3.5
4802,3.7
4824,3.0
4809,3.2
4789,2.7
4825,3.5
4817,3.6
4851,3.7
4772,3.0
4840,3.4
4828,3.4
4863,3.5
4834,3.7
4842,3.4
4847,3.5
4845,3.5
4836,3.4
4820,3.5
4795,3.7
4811,3.3
4856,3.3
4829,3.2
4841,3.2
4839,3.6
4838,3.1
4857,3.7
4759,3.1
4787,3.3
4867,3.3
4868,3.7
4854,3.2
4831,3.4
4771,2.8
4835,3.4
4855,3.5
4830,3.2
4860,2.8
4858,3.5
4862,3.3
4859,3.1
4864,3.2
4837,2.5
4818,3.3
4844,3.2
4853,3.1
4846,2.9
4866,3.6
4874,3.4
4827,2.8
4870,3.5
4849,2.6
4861,3.3
4823,2.7
4877,3.1
4875,2.9
4876,3.7
4881,3.1
4869,3.0
4852,3.6
4893,2.9
4888,3.1
4890,3.8
4891,3.4
4894,3.4
4889,3.1
4882,3.5
4880,3.7
4887,3.7
4879,3.4
4905,2.8
4902,3.2
4912,3.0
4924,3.7
4886,3.3
4903,3.2
4884,3.1
4923,3.5
4896,3.0
4921,3.2
4848,3.3
4872,3.0
4898,3.6
4895,3.4
4913,3.2
4904,3.4
4878,2.8
4915,3.4
4919,3.4
4871,3.2
4914,3.0
4916,3.6
4892,3.2
4928,3.4
4939,3.1
4926,3.2
4937,3.6
4938,3.4
4908,3.3
4922,3.2
4951,3.7
4899,3.0
4909,3.3
4941,3.6
4900,3.1
4943,3.1
4942,3.2
4932,3.2
4925,3.3
4885,3.2
4934,3.5
4933,3.4
4940,3.8
4917,3.0
4901,2.8
4897,3.2
4930,3.7
4929,3.5
4906,3.0
4883,3.2
4873,2.8
4957,3.5
4918,3.0
4948,3.8
4910,2.9
4920,3.5
4972,2.9
4955,3.5
4945,3.5
4944,3.5
4931,3.6
4911,3.0
4947,3.4
4962,3.7
4935,3.3
4971,3.3
4965,2.0
4983,3.5
4995,3.4
4927,3.2
4950,2.9
4907,3.1
4974,3.6
4946,3.4
4967,3.6
4993,2.5
4973,3.3
4952,3.6
4953,3.6
4975,3.5
4954,3.1
4961,3.6
4936,3.3
4978,3.3
4989,3.7
4969,3.9
4963,2.8
4865,3.2
4949,3.4
4992,3.6
4964,2.6
4970,3.3
4999,3.4
4994,3.3
4986,3.3
5009,3.5
4988,3.7
4976,3.3
4997,2.8
4958,3.2
4968,3.0
4982,3.0
5013,3.8
4979,3.6
5012,3.2
4956,3.2
4985,3.6
4977,3.4
4966,3.3
4998,3.2
5007,2.3
4981,2.8
5008,3.4
4959,3.0
5016,3.4
5002,2.8
5014,3.3
4960,3.1
5028,2.7
5010,3.6
5001,3.4
5003,3.5
5011,3.5
4991,2.8
4980,3.4
5005,2.8
5030,3.4
5037,3.5
5017,3.1
5045,3.5
4987,3.6
4996,3.3
5022,3.2
5023,3.1
5048,3.7
5046,3.6
5026,3.3
5027,3.4
5041,3.7
5020,2.7
5000,2.8
5015,3.4
5044,3.6
5054,3.6
4984,3.1
5052,3.7
5047,3.5
5049,3.5
5032,3.4
5043,3.4
5024,3.2
5057,3.6
5033,3.8
5029,3.1
5025,3.2
5036,3.6
5031,3.2
5053,3.7
5019,3.0
5050,3.7
5068,3.4
5035,2.9
5059,3.7
4990,3.2
5034,3.0
5077,3.5
5004,3.3
5006,3.1
5060,3.8
5074,2.3
5058,3.3
5040,3.2
5039,3.6
5056,3.5
5066,2.9
5080,3.3
5063,3.2
5021,3.2
5069,3.1
5075,2.8
5072,3.5
5089,3.5
5038,2.7
5111,3.4
5102,3.8
5087,3.4
5065,3.3
5098,3.8
5091,3.2
5109,3.3
5099,3.6
5094,3.6
5018,3.0
5095,2.5
5042,3.2
5067,2.6
5061,3.3
5093,3.4
5081,3.2
5084,3.0
5101,2.8
5090,3.2
5062,3.1
5055,3.3
5115,3.0
5086,3.2
5104,3.0
5105,2.8
5079,2.8
5097,3.1
5125,3.4
5076,3.0
5082,3.5
5064,3.5
5083,3.3
5096,3.6
5088,3.1
5110,2.6
5123,3.5
5085,2.9
5092,2.7
5107,3.7
5130,3.8
5117,3.1
5113,2.6
5071,3.0
5112,3.5
5078,3.4
5139,3.0
5073,3.2
5116,3.3
5135,3.6
5137,3.5
5127,3.3
5051,3.5
5106,3.6
5128,3.2
5119,3.1
5150,2.8
5122,3.3
5138,3.3
5070,3.5
5141,3.6
5121,3.2
5158,3.7
5118,3.2
5151,3.6
5133,3.4
5149,3.2
5156,3.1
5154,3.4
5145,3.7
5161,3.5
5152,3.9
5143,3.6
5134,2.8
5108,3.2
5177,3.4
5131,3.4
5171,3.7
5124,3.3
5148,3.8
5132,3.4
5170,3.7
5103,2.9
5157,3.0
5144,3.3
5182,3.7
5100,3.2
5181,3.7
5169,3.1
5172,3.3
5183,3.5
5174,3.4
5114,2.9
5185,3.7
5165,3.3
5179,3.6
5175,3.1
5155,3.4
5162,2.8
5159,3.2
5173,3.0
5190,2.9
5196,3.2
5136,3.4
5186,3.2
5126,3.2
5164,3.3
5120,3.4
5197,3.4
5142,3.4
5178,3.5
5205,3.3
5168,3.4
5200,3.5
5140,3.1
5192,3.2
5146,2.9
5207,3.4
5198,3.2
5163,3.1
5166,3.3
5176,3.5
5222,3.6
5189,3.4
5167,3.3
5160,3.2
5187,3.4
5215,3.5
5217,3.3
5191,3.5
5218,3.3
5129,2.5
5180,3.4
5214,3.4
5153,2.5
5202,3.7
5195,3.6
5184,3.3
5212,3.5
5193,2.9
5188,3.6
5147,3.6
5201,3.4
5203,3.4
5210,3.5
5194,3.3
5230,3.2
5229,3.3
5206,3.2
5253,3.6
5233,3.6
5209,3.3
5227,3.2
5221,3.2
5204,3.3
5247,3.7
5228,3.2
5211,3.5
5213,3.3
5216,3.1
5223,3.0
5236,3.3
5254,3.7
5258,3.6
5245,3.3
5226,3.2
5250,3.0
5240,3.5
5242,3.0
5220,3.0
5208,3.0
5261,3.1
5278,3.0
5268,3.6
5251,3.0
5224,3.4
5243,3.2
5225,3.0
5281,3.6
5255,3.4
5244,3.1
5238,3.5
5232,3.4
5249,3.2
5277,3.9
5290,3.2
5265,3.0
5237,3.1
5257,3.2
5282,3.8
5239,3.6
5235,2.8
5280,3.3
5252,3.3
5271,3.1
5276,3.5
5270,3.3
5246,3.3
5274,3.1
5248,3.5
5234,3.3
5264,3.6
5269,3.0
5286,3.1
5231,3.5
5256,3.3
5288,3.8
5283,3.4
5291,3.4
5259,3.0
5241,3.1
5300,3.6
5260,3.3
5199,2.5
5266,2.9
5262,3.3
5267,3.7
5273,3.4
5219,2.6
5304,3.3
5310,3.1
5306,3.6
5279,3.4
5311,3.4
5287,3.5
5302,3.1
5285,3.1
5305,3.1
5272,3.2
5284,3.4
5307,3.2
5308,3.5
5298,2.9
5301,3.2
5289,3.3
5296,3.3
5338,3.6
5314,3.4
5275,3.4
5333,3.6
5344,3.1
5313,3.6
5319,3.3
5325,3.2
5316,3.3
5293,3.7
5329,3.5
5345,3.4
5336,3.6
5292,3.2
5294,3.2
5330,3.3
5318,3.8
5326,3.6
5349,3.1
5315,3.3
5322,3.8
5303,2.7
5352,3.6
5295,2.9
5364,3.3
5309,3.1
5327,3.1
5355,3.0
5312,3.3
5297,3.1
5317,3.2
5324,3.6
5341,3.5
5331,3.1
5346,3.3
5369,3.3
5337,3.4
5320,2.7
5347,3.4
5334,3.2
5360,3.7
5367,3.3
5372,3.4
5321,3.1
5365,3.3
5328,3.4
5343,3.3
5361,3.1
5335,2.4
5350,3.3
5323,3.2
5371,2.9
5354,3.5
5342,3.6
5299,3.1
5351,3.0
5263,2.7
5383,2.9
5359,3.3
5356,2.7
5370,3.0
5340,3.4
5363,3.3
5381,3.5
5332,2.7
5353,3.2
5339,3.1
5348,3.6
5384,2.7
5393,3.6
5362,3.3
5374,3.4
5368,3.5
5397,3.6
5385,3.5
5399,3.6
5387,3.5
5389,3.3
5375,3.1
5408,3.4
5414,3.5
5373,3.1
5401,3.4
5376,2.9
5388,3.4
5366,3.2
5398,3.5
5377,3.3
5407,3.6
5358,3.0
5379,3.0
5396,3.2
5402,3.6
5378,2.9
5386,2.8
5425,3.7
5405,3.1
5357,3.5
5392,2.7
5422,2.9
5424,2.9
5440,3.6
5380,3.0
5444,2.4
5423,3.4
5431,3.4
5400,3.5
5426,3.7
5430,3.5
5403,3.3
5406,3.3
5438,3.4
5420,3.3
5436,3.5
5394,3.0
5417,3.4
5382,3.4
5404,3.3
5416,3.1
5443,3.6
5413,3.0
5441,3.3
5409,3.5
5419,3.3
5455,3.5
5437,2.9
5472,3.4
5456,3.7
5427,2.6
5439,3.3
5395,3.4
5418,3.2
5450,3.3
5415,3.0
5391,3.3
5411,2.4
5390,3.1
5445,2.8
5451,3.4
5458,3.3
5428,3.3
5429,3.2
5453,3.7
5432,2.8
5412,3.3
5474,3.5
5452,3.4
5461,3.4
5410,3.2
5447,3.5
5463,3.5
5457,3.2
5433,3.6
5454,2.4
5481,2.9
5503,3.5
5448,2.8
5442,3.7
5468,2.9
5493,3.7
5459,3.2
5466,3.2
5470,3.2
5462,2.8
5435,3.0
5510,3.7
5489,3.6
5465,3.2
5500,3.4
5434,3.0
5501,2.9
5495,3.5
5492,3.3
5449,3.0
5514,3.5
5509,3.8
5479,3.5
5446,3.6
5486,3.5
5517,3.7
5421,2.9
5511,3.1
5508,3.0
5460,3.3
5467,3.6
5476,2.7
5484,3.2
5499,3.2
5483,3.5
5480,2.7
5487,3.0
5464,3.4
5496,3.5
5505,3.2
5494,3.2
5506,3.2
5469,3.3
5518,3.3
5516,3.6
5497,2.6
5477,3.2
5498,2.9
5528,3.4
5519,3.2
5475,3.4
5521,3.6
5488,3.1
5485,3.0
5523,3.2
5545,3.4
5529,3.7
5478,3.1
5491,3.1
5533,3.6
5531,3.6
5527,3.5
5515,3.2
5541,3.7
5471,2.5
5530,3.4
5543,3.6
5555,3.6
5520,3.3
5542,3.5
5525,3.3
5473,2.5
5512,2.8
5552,3.3
5524,3.4
5504,3.3
5561,3.7
5569,3.6
5536,3.1
5507,3.3
5537,3.2
5482,3.1
5535,3.1
5513,3.2
5558,3.3
5490,3.0
5554,3.6
5544,3.2
5576,3.9
5578,3.2
5560,3.4
5526,3.2
5534,2.9
5577,3.3
5547,3.3
5522,3.1
5532,3.5
5546,2.7
5548,3.7
5549,2.9
5573,3.6
5565,3.9
5538,3.4
5540,2.7
5551,3.6
5566,3.3
5553,3.4
5570,3.7
5581,3.4
5589,3.3
5580,3.3
5502,3.2
5607,3.6
5564,3.3
5604,3.8
5597,3.7
5557,3.7
5600,3.4
5575,3.4
5585,3.5
5591,3.3
5582,3.0
5603,3.5
5587,3.2
5593,3.0
5563,3.2
5598,3.7
5556,3.0
5571,2.5
5594,2.7
5617,3.6
5539,3.3
5562,3.3
5608,3.7
5572,3.2
5601,3.4
5590,3.2
5583,2.9
5568,3.0
5610,3.4
5599,2.8
5579,3.2
5574,3.0
5629,3.4
5592,2.6
5588,2.7
5559,2.4
5615,3.1
5550,3.1
5639,3.2
5596,3.1
5620,3.4
5627,3.7
5614,3.4
5621,3.2
5612,3.6
5626,3.2
5628,3.6
5630,3.3
5623,3.0
5616,3.0
5586,3.1
5656,3.4
5634,3.6
5650,3.6
5606,3.7
5602,3.3
5631,3.5
5646,3.3
5633,3.5
5648,3.5
5643,3.4
5622,3.1
5595,2.7
5651,3.4
5642,3.4
5658,3.5
5567,3.5
5605,3.1
5619,2.9
5624,2.8
5654,3.4
5649,3.5
5644,2.8
5609,3.2
5611,3.2
5638,3.4
5641,3.0
5640,3.5
5625,3.1
5659,3.6
5653,3.5
5663,3.4
5677,3.7
5618,3.6
5661,2.7
5632,3.3
5635,3.0
5674,3.5
5665,3.2
5645,3.5
5662,2.7
5655,3.0
5670,3.4
5691,3.9
5682,3.6
5701,3.3
5637,2.8
5636,2.7
5675,3.1
5671,3.2
5584,3.1
5705,3.2
5684,3.6
5652,3.2
5657,3.0
5613,3.4
5683,3.7
5685,3.3
5702,3.8
5697,3.5
5667,3.5
5673,2.9
5704,3.0
5690,3.5
5668,3.2
5686,2.9
5647,3.1
5676,3.3
5708,3.2
5681,3.7
5666,3.2
5664,2.7
5680,3.6
5669,2.8
5703,3.3
5696,3.2
5678,3.4
5672,3.4
5710,3.6
5715,3.7
5693,3.5
5688,3.6
5709,3.6
5713,3.1
5712,3.1
5695,3.4
5689,2.5
5679,3.2
5698,2.8
5692,3.4
5700,3.0
5744,3.7
5723,3.6
5714,3.5
5727,3.4
5694,3.4
5719,3.4
5733,3.4
5720,3.1
5730,3.6
5699,3.0
5726,3.5
5746,3.3
5766,3.5
5687,3.0
5660,3.1
5739,3.4
5721,3.1
5716,3.1
5722,2.9
5731,3.3
5738,3.6
5718,3.4
5741,3.6
5752,3.7
5765,3.3
5711,3.0
5707,3.1
5743,3.2
5734,3.5
5753,3.2
5706,3.1
5755,3.4
5740,3.7
5749,3.2
5754,3.2
5728,3.2
5750,3.0
5761,3.3
5736,3.3
5780,3.5
5724,3.4
5732,3.2
5725,3.1
5787,3.6
5745,3.0
5758,3.1
5777,2.7
5764,3.3
5735,2.7
5773,3.1
5798,2.7
5751,3.1
5759,3.2
5791,3.7
5760,3.5
5747,2.6
5756,3.4
5796,3.8
5767,3.5
5783,3.9
5789,3.4
5807,3.6
5797,3.6
5774,3.3
5762,3.3
5793,3.7
5782,3.4
5779,3.3
5763,3.3
5786,3.1
5785,3.1
5729,3.3
5748,2.9
5778,2.9
5737,3.1
5772,3.2
5784,3.3
5795,3.1
5717,3.2
5769,3.6
5802,2.9
5806,3.7
5776,3.0
5790,3.7
5814,3.7
5792,3.3
5794,3.6
5808,3.0
5757,3.3
5803,2.8
5801,3.3
5781,2.9
5768,3.6
5818,3.2
5770,3.4
5825,3.6
5812,3.4
5832,3.4
5844,3.5
5826,3.3
5805,3.7
5813,3.6
5809,2.9
5820,3.6
5742,2.8
5830,3.5
5816,3.6
5834,3.3
5799,3.0
5810,3.2
5821,3.3
5824,3.7
5829,3.3
5848,3.1
5804,2.8
5823,3.2
5852,3.4
5837,3.7
5858,3.7
5855,3.4
5857,3.7
5788,3.6
5775,2.7
5817,3.0
5853,3.2
5838,3.3
5862,3.2
5815,3.2
5846,3.2
5850,3.3
5828,3.4
5839,3.2
5771,2.6
5835,3.6
5841,3.3
5831,3.5
5840,3.7
5856,3.3
5822,2.9
5854,3.5
5833,3.1
5849,3.2
5847,3.3
5819,3.4
5843,3.6
5827,2.9
5811,3.5
5860,3.2
5851,3.2
5873,3.6
5869,3.4
5842,3.5
5883,3.8
5865,3.5
5874,3.6
5881,3.3
5870,3.5
5863,2.8
5866,3.5
5867,3.8
5872,3.2
5871,3.3
5908,3.7
5845,3.2
5875,3.1
5880,3.2
5861,3.1
5887,3.7
5836,3.2
5859,3.1
5902,3.1
5800,2.9
5884,3.4
5868,3.1
5899,3.3
5900,3.4
5912,3.3
5876,3.4
5905,3.5
5919,3.4
5895,2.9
5864,2.8
5882,3.4
5913,2.7
5909,3.6
5877,2.5
5898,3.2
5904,3.5
5879,2.9
5893,3.6
5939,3.7
5924,3.2
5878,3.3
5890,2.5
5906,2.8
5931,3.2
5896,2.5
5925,3.7
5921,2.8
5901,3.3
5935,3.8
5926,3.2
5888,3.0
5917,3.2
5920,3.1
5907,3.3
5923,3.3
5934,3.5
5891,3.3
5886,3.1
5937,3.1
5943,3.2
5944,3.3
5910,3.6
5928,3.6
5953,3.5
5932,3.8
5903,3.2
5927,3.2
5916,3.6
5885,2.3
5914,3.2
5933,3.0
5894,3.0
5911,3.4
5958,3.7
5946,3.2
5949,3.2
5942,3.5
5951,3.1
5930,3.2
5960,3.5
5954,3.6
5918,3.5
5940,3.6
5897,3.0
5966,3.5
5973,3.7
5889,2.9
5892,3.4
5922,3.2
5961,3.2
5979,3.3
5965,3.3
5963,3.3
5948,3.1
5971,3.2
5941,2.6
5952,3.6
5968,3.1
5947,3.1
5985,3.3
5936,3.1
5962,2.9
5964,3.0
5950,3.2
5969,3.2
5982,3.5
5972,3.3
5957,3.7
5991,3.1
5974,3.0
5986,3.4
6007,3.3
5956,3.1
5981,3.0
5977,3.5
5945,2.8
5987,3.3
5938,3.3
5994,3.6
6012,3.6
5993,3.5
5970,2.3
5915,3.2
5989,3.3
6011,3.2
6006,3.5
6004,3.8
6003,2.6
6018,3.6
6017,3.5
6010,3.3
5976,3.4
6019,3.7
5929,2.8
5959,2.9
6016,2.9
6005,3.4
5996,3.2
5990,3.0
6028,3.8
6041,3.4
5999,3.1
5978,3.8
5955,3.3
6022,2.9
6002,3.1
6009,3.4
6014,3.7
5988,3.6
6000,3.5
6042,3.6
6020,3.8
5980,3.3
6013,3.1
6036,2.9
5997,3.4
6048,3.7
6008,3.3
5992,3.7
6035,3.1
6030,3.2
6029,2.9
5975,3.0
6001,3.1
6034,3.1
5995,3.0
5983,2.3
6023,3.2
6037,3.3
6015,2.8
5984,2.8
5967,3.0
6043,3.5
6021,3.3
6045,3.3
6039,3.3
6040,3.4
5998,2.8
6058,3.5
6025,3.4
6063,3.6
6060,3.1
6067,2.0
6070,3.6
6044,3.0
6026,3.1
6052,2.9
6057,3.2
6055,3.3
6024,3.1
6049,3.2
6053,3.5
6032,3.2
6050,2.8
6033,3.2
6047,2.9
6062,3.0
6080,3.7
6069,3.4
6081,3.5
6031,3.0
6072,3.3
6046,3.5
6027,2.6
6075,3.4
6068,2.9
6056,3.6
6079,3.4
6091,3.0
6071,3.2
6065,3.5
6054,3.2
6059,3.3
6085,3.5
6103,2.7
6086,3.4
6083,3.2
6109,3.5
6095,3.6
6077,3.3
6102,3.4
6076,3.3
6074,3.2
6108,3.9
6073,2.9
6078,3.4
6088,3.5
6110,3.4
6084,3.3
6104,3.6
6100,3.4
6098,2.6
6051,2.5
6090,3.2
6093,2.9
6121,3.5
6066,3.5
6087,3.4
6105,3.6
6120,3.8
6129,3.5
6114,3.6
6097,3.2
6115,3.2
6099,3.2
6061,2.9
6117,3.3
6112,3.8
6096,3.4
6101,3.8
6122,3.3
6139,3.8
6113,3.5
6092,3.1
6064,3.3
6134,3.7
6116,3.3
6111,3.4
6094,3.4
6146,2.7
6082,2.9
6127,3.3
6147,3.6
6119,3.1
6172,3.8
6144,3.4
6130,3.4
6152,3.3
6138,3.3
6162,3.2
6128,3.1
6133,3.6
6126,3.4
6123,2.8
6089,2.4
6125,2.9
6124,3.1
6171,3.6
6155,3.7
6141,3.3
6107,3.4
6156,3.2
6131,3.3
6149,3.5
6142,3.4
6185,2.8
6163,3.3
6150,3.6
6175,3.7
6167,3.2
6137,3.4
6140,2.9
6174,3.6
6143,3.0
6166,3.6
6181,3.7
6135,3.3
6173,3.3
6164,3.1
6145,3.3
6184,3.4
6178,3.8
6148,3.1
6180,3.2
6177,3.5
6038,2.8
6154,3.1
6176,3.5
6170,3.4
6182,3.3
6157,3.2
6136,3.1
6132,3.0
6151,3.4
6168,3.5
6204,3.2
6202,3.7
6159,2.7
6153,3.2
6160,3.0
6183,3.3
6211,3.8
6207,3.6
6190,3.2
6187,3.3
6206,3.6
6208,3.4
6118,2.9
6200,3.4
6158,2.8
6232,3.7
6189,3.1
6215,3.8
6196,2.8
6228,3.7
6169,2.4
6209,3.4
6213,3.3
6191,3.1
6199,3.0
6203,3.5
6161,3.2
6205,2.9
6219,3.5
6179,3.3
6197,3.0
6201,3.1
6198,3.6
6194,3.1
6165,3.0
6214,3.7
6230,3.6
6234,3.0
6221,3.5
6233,3.4
6242,3.7
6186,3.1
6106,3.0
6225,3.6
6216,3.2
6223,3.6
6245,3.5
6240,3.5
6218,3.4
6217,2.9
6252,3.6
6226,3.0
6210,3.1
6248,3.5
6222,3.3
6264,3.8
6224,3.1
6244,3.4
6231,2.9
6195,3.0
6188,3.0
6237,3.4
6255,3.4
6212,3.5
6251,3.6
6273,3.8
6256,3.4
6267,3.4
6236,3.5
6239,3.3
6280,3.7
6243,3.6
6261,2.9
6275,3.6
6192,2.5
6287,3.7
6249,2.7
6263,3.5
6235,3.3
6274,3.4
6260,3.4
6247,3.4
6193,3.1
6258,3.4
6220,3.2
6227,3.3
6241,2.8
6268,3.6
6238,3.3
6272,3.3
6293,3.6
6259,3.5
6257,2.4
6262,3.0
6290,3.7
6284,2.7
6254,3.1
6282,2.9
6297,3.4
6276,3.0
6246,3.6
6294,3.4
6269,3.1
6299,3.3
6253,3.5
6295,3.3
6278,3.5
6285,3.1
6291,3.3
6279,3.1
6307,3.5
6292,3.3
6250,3.7
6289,3.3
6300,3.4
6286,3.6
6303,3.1
6320,2.4
6311,3.3
6328,3.6
6296,3.0
6277,3.0
6321,3.7
6327,3.3
6281,3.1
6229,3.4
6283,2.8
6319,2.8
6339,3.3
6325,3.3
6298,2.6
6333,3.2
6310,2.2
6302,2.8
6312,3.2
6345,3.3
6318,2.8
6324,3.2
6305,3.4
6337,3.4
6317,3.0
6326,3.0
6329,2.9
6301,3.2
6314,3.5
6309,3.2
6288,3.2
6347,3.7
6335,3.1
6330,3.0
6331,3.3
6342,3.5
6270,3.7
6344,3.4
6354,3.2
6340,3.4
6271,2.8
6304,3.1
6315,3.4
6336,3.2
6366,3.0
6332,2.9
6338,3.5
6306,3.1
6356,3.3
6359,3.3
6357,3.7
6353,3.4
6313,3.3
6308,3.1
6316,3.0
6265,3.0
6343,3.3
6350,3.3
6322,3.7
6341,3.4
6323,2.9
6334,3.2
6358,3.3
6370,3.8
6378,3.2
6355,3.6
6362,2.8
6383,3.3
6351,3.7
6382,3.8
6369,3.1
6365,3.3
6348,2.6
6386,3.0
6368,3.0
6384,3.6
6361,2.8
6374,3.3
6364,3.3
6266,3.5
6346,3.5
6373,3.1
6387,3.5
6393,3.4
6397,3.2
6376,3.0
6405,3.6
6372,3.3
6371,3.0
6377,3.3
6360,3.8
6400,3.8
6367,3.4
6349,2.6
6390,2.9
6385,2.9
6408,2.7
6363,3.2
6379,3.3
6406,3.2
6375,3.5
6416,3.1
6381,2.9
6391,2.9
6404,3.4
6426,3.0
6380,3.4
6420,2.9
6413,3.4
6352,3.3
6410,3.0
6414,3.6
6418,3.6
6394,3.1
6419,3.3
6411,3.4
6399,3.5
6403,3.3
6421,3.7
6396,3.0
6431,3.5
6441,3.9
6435,2.5
6430,3.2
6439,3.4
6417,3.5
6433,2.9
6398,3.1
6395,3.5
6415,3.3
6434,3.4
6456,3.7
6428,2.8
6429,3.4
6463,3.0
6423,3.2
6422,3.4
6427,3.5
6407,2.9
6409,2.6
6389,3.4
6453,3.5
6388,3.3
6448,3.3
6438,3.5
6450,3.5
6460,3.3
6442,3.2
6436,3.3
6471,3.3
6459,3.5
6437,3.1
6392,2.9
6451,3.7
6440,3.4
6452,3.1
6461,3.7
6445,3.1
6412,2.7
6465,3.5
6473,3.2
6470,2.2
6484,3.7
6466,3.0
6446,3.5
6457,3.7
6482,3.4
6425,3.0
6444,2.3
6480,3.5
6475,3.1
6477,3.2
6496,3.2
6424,3.6
6447,3.1
6486,3.2
6464,3.3
6454,2.8
6498,3.6
6492,3.1
6476,3.4
6497,3.4
6483,3.5
6468,3.2
6469,3.4
6489,3.2
6449,3.0
6474,3.5
6455,3.1
6521,3.6
6501,3.5
6401,3.6
6511,3.7
6490,2.8
6503,3.6
6493,3.5
6481,2.9
6462,2.6
6500,2.6
6443,2.6
6458,3.0
6531,3.0
6504,3.8
6505,3.1
6479,2.9
6478,3.6
6495,3.8
6515,3.4
6432,3.0
6499,3.4
6402,3.0
6518,3.5
6491,2.9
6488,2.9
6529,3.4
6494,3.4
6527,3.3
6536,3.5
6526,3.1
6485,3.0
6535,3.3
6467,2.8
6516,2.9
6502,3.0
6472,2.7
6533,3.6
6541,3.4
6509,3.3
6520,3.0
6487,3.3
6519,2.9
6532,3.7
6513,3.3
6539,3.3
6524,3.2
6530,3.1
6543,2.7
6514,3.1
6534,3.4
6555,2.9
6550,2.9
6540,3.3
6546,3.4
6507,3.4
6558,3.4
6528,3.1
6553,3.1
6547,3.7
6517,3.1
6510,3.0
6561,3.2
6565,2.6
6551,2.9
6506,2.4
6545,3.7
6549,3.4
6567,3.2
6544,3.0
6542,2.6
6552,3.6
6554,3.5
6560,3.2
6564,3.5
6537,2.9
6559,3.4
6587,3.5
6570,3.7
6582,3.5
6538,3.2
6548,2.6
6523,2.9
6508,3.2
6603,3.5
6569,3.2
6557,3.6
6556,3.3
6596,3.5
6577,3.0
6606,3.1
6562,3.6
6590,3.2
6601,3.6
6522,3.4
6597,3.7
6581,3.4
6571,3.7
6607,3.4
6580,3.6
6568,3.1
6610,2.8
6594,2.9
6609,3.2
6588,3.4
6576,2.9
6583,3.7
6593,3.5
6595,3.2
6578,3.4
6584,3.2
6566,3.7
6525,3.2
6573,3.5
6512,2.4
6592,3.7
6598,3.2
6579,3.0
6589,3.6
6574,3.3
6575,2.9
6627,3.3
6591,3.0
6631,3.4
6604,2.9
6605,3.6
6586,3.1
6585,3.4
6608,2.4
6615,3.3
6617,3.2
6600,3.6
6647,3.2
6654,3.8
6614,3.1
6634,3.3
6629,3.5
6636,3.7
6612,3.4
6624,3.3
6626,3.3
6630,3.3
6563,3.2
6572,2.9
6657,2.4
6658,3.8
6622,3.4
6599,2.8
6611,3.5
6635,3.5
6645,2.3
6619,3.2
6655,3.2
6662,3.2
6623,3.1
6665,3.5
6616,3.0
6621,3.6
6661,3.7
6633,3.6
6618,3.3
6625,3.1
6602,3.5
6644,3.4
6628,3.7
6640,3.5
6646,3.0
6667,3.3
6651,2.9
6643,3.0
6664,3.3
6638,3.5
6632,3.5
6652,2.7
6648,3.2
6653,3.7
6688,3.4
6650,3.4
6680,3.5
6659,3.3
6683,3.6
6669,3.1
6668,3.3
6641,3.2
6670,3.3
6639,3.5
6677,3.7
6649,3.3
6679,3.1
6620,3.1
6700,3.7
6637,3.2
6701,3.7
6685,2.6
6672,3.2
6678,3.0
6642,2.8
6656,2.8
6698,3.7
6691,3.4
6681,3.5
6720,3.9
6694,2.7
6692,3.2
6708,3.8
6693,3.6
6715,3.4
6675,3.0
6676,3.3
6718,3.8
6613,2.9
6689,3.2
6666,3.1
6704,3.3
6696,3.1
6710,3.3
6699,3.5
6682,3.5
6690,3.1
6673,3.3
6697,3.4
6663,3.2
6703,3.7
6674,3.6
6732,3.7
6711,3.3
6686,3.5
6728,2.9
6684,2.9
6705,3.4
6722,3.2
6695,3.3
6726,2.9
6712,2.9
6750,3.8
6687,2.9
6745,3.6
6741,3.2
6706,3.3
6716,3.7
6713,3.3
6749,3.4
6723,3.1
6717,2.7
6702,3.5
6757,3.5
6760,3.5
6759,3.5
6748,3.2
6709,2.7
6737,2.9
6746,3.2
6740,3.0
6721,3.0
6725,2.8
6729,3.3
6671,3.2
6752,3.5
6743,3.1
6660,2.9
6747,3.8
6707,2.5
6719,3.1
6763,3.0
6754,3.3
6751,3.4
6733,3.4
6765,3.1
6742,3.2
6730,2.7
6735,3.6
6773,3.4
6761,3.2
6778,3.6
6736,3.2
6789,3.7
6734,3.3
6756,3.2
6744,3.1
6787,3.1
6714,2.7
6772,2.6
6762,3.2
6775,3.9
6792,3.6
6803,3.4
6764,3.4
6781,3.4
6758,3.3
6755,2.9
6768,3.7
6739,2.9
6776,3.4
6819,3.7
6785,3.6
6731,3.0
6774,3.0
6727,2.9
6770,3.2
6806,3.6
6724,3.2
6786,3.7
6777,2.1
6738,3.6
6802,3.2
6791,3.1
6782,3.5
6779,3.0
6799,3.7
6800,3.4
6821,3.3
6794,3.2
6804,3.4
6795,3.4
6797,3.5
6826,3.7
6790,2.9
6812,3.4
6769,3.3
6753,3.0
6788,3.4
6813,3.1
6784,3.2
6805,2.9
6809,3.2
6767,3.4
6817,3.7
6807,3.1
6793,3.3
6822,3.6
6771,3.6
6823,3.4
6796,3.4
6816,3.5
6798,3.2
6766,3.1
6820,3.3
6824,3.0
6842,3.3
6783,3.4
6838,3.4
6852,3.7
6814,2.9
6846,3.0
6833,3.5
6837,3.2
6808,3.3
6827,3.0
6780,2.9
6836,3.5
6818,3.2
6828,3.4
6855,3.2
6841,3.5
6811,3.2
6857,3.2
6859,3.6
6810,3.3
6835,3.2
6854,3.4
6815,2.8
6850,3.5
6834,3.5
6875,3.6
6861,3.4
6872,3.5
6839,3.5
6878,3.8
6831,3.0
6830,3.2
6873,3.6
6851,3.1
6860,3.4
6844,3.4
6801,2.9
6867,3.5
6883,3.2
6849,3.5
6868,3.5
6869,3.3
6866,3.6
6848,3.0
6847,3.3
6829,3.3
6888,3.3
6853,2.6
6881,3.2
6862,3.4
6845,3.2
6889,2.8
6858,3.0
6876,3.0
6856,3.2
6887,3.6
6825,3.2
6863,3.2
6894,3.0
6892,3.1
6870,3.2
6893,3.3
6884,3.0
6885,3.2
6903,3.6
6899,3.3
6865,3.4
6891,3.5
6832,3.3
6915,3.6
6896,3.4
6882,3.6
6914,3.4
6877,3.3
6864,3.3
6902,3.3
6880,3.4
6910,3.1
6898,2.9
6906,3.7
6895,3.0
6879,3.1
6920,3.4
6918,3.4
6907,3.5
6897,3.2
6890,3.2
6924,3.3
6840,2.7
6913,3.3
6919,3.2
6930,3.0
6900,2.4
6922,3.3
6929,3.1
6843,3.4
6871,3.3
6874,3.4
6946,3.2
6886,3.5
6955,3.0
6901,3.1
6939,3.0
6949,3.1
6928,3.4
6911,2.4
6904,2.8
6931,3.6
6935,3.4
6944,2.9
6923,3.6
6954,3.5
6940,3.4
6957,3.5
6912,3.3
6926,3.3
6936,3.3
6909,3.0
6943,3.1
6933,3.2
6934,2.8
6938,3.1
6921,3.2
6945,3.2
6952,3.4
6908,2.5
6905,3.1
6962,3.3
6947,3.2
6927,3.4
6950,3.3
6973,3.5
6975,2.9
6963,3.3
6960,3.2
6932,3.1
6956,2.7
6966,3.5
6916,2.8
6994,3.6
6941,3.0
6964,3.1
6925,3.1
6982,3.6
6981,3.4
6980,3.6
6965,2.8
6979,2.9
6959,3.4
6967,3.2
6948,3.0
6972,2.9
6974,3.1
6970,3.3
6978,3.2
6991,3.2
6984,3.7
6995,3.7
6997,3.6
6969,3.3
6937,2.8
7009,2.8
6996,3.5
6999,3.5
6998,3.2
6961,2.9
7014,3.7
6986,2.9
6987,3.4
7013,3.4
6977,3.4
6983,3.3
6942,2.7
6990,3.1
6976,3.0
6992,3.5
6917,3.2
7011,3.5
7006,3.1
6951,2.8
7004,2.7
7002,3.7
7017,3.8
6953,2.2
6993,3.4
6989,3.1
6985,3.0
6971,2.4
7024,3.6
7021,3.4
7028,3.2
7016,3.7
7027,3.0
7001,3.1
7025,3.2
7012,2.9
7042,3.5
7064,3.9
7036,3.4
7000,3.4
7039,3.6
6958,3.2
7068,3.8
7023,3.2
7043,3.6
7054,3.2
7033,3.4
7038,3.3
7003,3.1
7022,3.3
7059,3.1
7015,2.8
7046,3.2
7044,3.2
7037,3.0
7019,3.3
7018,3.1
7020,3.1
7061,3.7
7055,3.3
7032,3.0
7051,3.8
6988,3.3
7030,2.4
7035,3.0
7026,3.3
7065,3.2
7040,3.6
7008,3.0
7031,2.9
7041,3.1
7057,3.5
7005,3.4
6968,2.5
7053,3.3
7089,3.9
7062,3.2
7050,3.0
7045,3.6
7073,3.6
7007,2.6
7056,3.5
7069,3.3
7072,2.7
7091,3.3
7079,3.7
7084,3.6
7085,3.8
7058,2.8
7092,3.2
7047,3.3
7076,3.3
7063,3.2
7080,3.4
7048,2.7
7086,3.7
7119,3.3
7049,2.8
7095,3.5
7034,3.2
7077,3.3
7102,3.2
7067,3.3
7066,2.6
7010,2.9
7060,3.4
7078,3.1
7121,3.6
7108,3.0
7117,3.5
7070,3.2
7099,3.6
7110,3.8
7113,3.7
7029,3.0
7115,3.0
7087,3.3
7083,2.9
7103,3.0
7096,3.4
7081,3.1
7120,3.5
7129,3.7
7052,2.7
7111,3.7
7093,3.1
7105,3.2
7123,3.2
7100,3.3
7114,3.2
7071,3.2
7075,3.4
7101,3.3
7097,3.2
7125,3.6
7137,3.8
7131,2.4
7082,2.8
7141,3.1
7127,3.3
7112,3.0
7122,3.0
7132,3.2
7128,3.1
7142,3.6
7147,3.8
7090,3.5
7134,3.6
7074,2.9
7150,3.6
7151,3.6
7130,3.4
7116,2.5
7098,3.0
7106,3.2
7159,3.7
7104,3.2
7088,3.4
7135,3.4
7118,2.9
7149,3.3
7107,3.8
7126,3.0
7157,3.3
7154,3.5
7140,2.5
7181,3.7
7155,3.1
7165,3.2
7158,3.2
7185,3.7
7176,3.4
7139,2.6
7170,2.7
7171,3.1
7182,3.2
7162,3.2
7183,3.6
7153,3.4
7168,2.8
7169,3.2
7145,3.3
7133,2.8
7109,2.9
7136,3.0
7175,3.3
7152,3.2
7156,3.0
7166,3.4
7179,3.5
7178,3.5
7187,3.0
7193,3.3
7148,3.4
7124,2.5
7172,3.3
7180,3.6
7173,3.0
7161,3.4
7138,2.7
7163,2.9
7189,3.5
7094,2.7
7146,2.4
7194,3.7
7190,3.7
7184,3.7
7144,2.7
7208,3.5
7160,3.0
7201,3.7
7202,3.3
7143,3.5
7200,3.3
7228,3.4
7212,3.6
7214,3.5
7205,3.5
7223,3.5
7218,3.7
7197,3.2
7192,2.6
7209,3.3
7204,3.4
7210,3.8
7236,3.5
7229,3.7
7195,3.2
7203,3.5
7191,3.3
7177,2.8
7216,3.6
7206,3.0
7232,3.7
7167,3.0
7196,3.8
7186,2.9
7188,3.3
7221,3.0
7222,3.5
7198,3.5
7217,3.3
7245,3.5
7164,3.0
7174,2.9
7248,3.8
7263,3.0
7230,3.6
7226,2.9
7219,3.4
7225,3.1
7239,3.2
7242,3.8
7224,2.8
7262,3.8
7211,3.3
7231,2.7
7215,2.7
7234,3.1
7233,3.3
7254,3.5
7207,3.4
7235,2.8
7244,3.8
7272,3.5
7256,3.6
7288,3.7
7249,3.2
7227,3.2
7220,2.6
7270,3.2
7247,3.0
7243,2.7
7252,3.4
7241,3.0
7258,3.5
7213,3.1
7278,3.2
7266,3.5
7260,3.3
7257,3.3
7285,3.7
7237,3.0
7293,3.6
7267,3.2
7281,3.4
7273,3.0
7269,3.8
7280,3.4
7264,3.1
7265,3.2
7276,3.6
7240,2.7
7199,2.9
7238,3.4
7246,2.9
7271,3.5
7282,2.8
7253,3.3
7287,3.5
7299,3.7
7274,3.4
7297,3.2
7305,3.7
7294,3.4
7301,3.2
7275,3.1
7268,2.9
7277,3.3
7300,3.8
7279,3.6
7313,3.1
7286,3.2
7319,3.5
7310,3.5
7331,3.8
7335,3.7
7289,3.0
7328,3.7
7303,3.5
7261,2.4
7306,3.1
7302,3.5
7292,3.8
7309,3.5
7312,3.4
7314,3.2
7321,3.5
7343,3.0
7330,3.8
7296,3.2
7295,2.7
7255,3.0
7315,3.2
7250,2.8
7259,3.5
7337,2.8
7307,3.6
7347,3.8
7316,3.3
7333,3.1
7320,3.4
7304,2.7
7298,3.0
7308,3.1
7322,3.5
7251,3.4
7291,2.8
7341,2.8
7318,3.1
7311,2.6
7284,3.0
7339,3.2
7283,3.0
7358,3.3
7323,3.4
7327,3.2
7380,3.6
7338,3.2
7344,3.5
7348,3.6
7329,3.0
7324,2.8
7363,3.6
7360,3.4
7372,3.4
7326,3.4
7317,3.4
7349,2.9
7346,3.4
7340,3.4
7290,3.3
7334,3.1
7362,3.4
7352,3.6
7386,3.6
7356,2.8
7325,3.3
7350,3.4
7351,3.1
7355,3.1
7388,3.3
7374,3.3
7342,3.3
7353,3.2
7385,3.4
7376,3.7
7354,3.2
7345,2.8
7367,3.3
7332,3.2
7381,2.4
7377,3.5
7378,3.3
7389,3.3
7366,3.0
7387,3.6
7384,3.5
7396,3.7
7365,3.6
7359,3.1
7390,3.2
7399,3.2
7375,2.7
7336,3.4
7361,3.5
7411,3.3
7394,3.6
7373,3.1
7417,2.8
7395,3.7
7397,3.1
7418,3.5
7370,2.6
7391,3.7
7408,3.4
7393,3.1
7379,3.3
7369,2.9
7357,3.3
7403,3.0
7383,3.3
7392,2.7
7398,3.0
7413,3.7
7416,3.3
7371,3.1
7401,3.1
7364,3.3
7427,3.5
7426,3.5
7404,3.3
7412,3.7
7406,3.4
7440,3.5
7419,3.6
7424,3.7
7420,3.4
7414,3.3
7421,3.0
7444,3.4
7432,3.5
7402,3.0
7436,3.4
7428,3.6
7455,3.8
7439,2.9
7445,3.4
7443,3.5
7423,2.9
7451,3.5
7448,3.5
7382,3.0
7454,3.4
7452,2.9
7422,3.1
7425,3.3
7462,3.5
7459,2.5
7400,2.6
7429,2.9
7447,3.0
7410,3.1
7476,3.4
7449,3.4
7473,3.2
7479,3.4
7442,3.4
7466,3.3
7433,3.3
7486,3.7
7437,2.9
7430,3.3
7435,3.3
7460,3.3
7458,3.5
7469,3.6
7464,3.5
7485,3.6
7409,3.0
7474,2.6
7472,3.4
7441,3.5
7446,3.1
7477,3.4
7431,2.5
7481,3.5
7450,2.6
7456,3.1
7468,3.4
7453,2.6
7368,2.6
7465,3.0
7434,3.3
7498,3.1
7490,3.3
7405,3.4
7489,3.1
7467,3.5
7491,3.3
7480,2.5
7494,3.5
7499,3.4
7461,2.8
7484,3.0
7470,2.9
7438,3.4
7478,2.9
7497,3.0
7482,3.0
7518,3.6
7523,3.5
7507,3.2
7483,3.8
7514,2.6
7471,3.5
7501,3.5
7505,3.5
7475,3.5
7457,3.3
7527,3.0
7520,3.3
7524,2.9
7493,3.5
7504,3.5
7515,3.3
7496,3.2
7509,3.1
7517,3.4
7536,3.4
7407,2.8
7516,3.6
7519,3.0
7508,3.4
7534,3.3
7487,3.0
7512,2.8
7541,3.1
7502,3.1
7522,2.8
7503,3.0
7544,2.9
7495,3.2
7415,3.0
7537,3.4
7549,3.6
7543,3.6
7532,3.2
7540,3.4
7530,3.4
7535,3.4
7492,3.4
7528,3.1
7548,3.4
7500,2.9
7506,3.1
7529,3.2
7533,3.3
7563,3.6
7547,3.0
7488,3.3
7555,3.4
7511,3.4
7546,3.3
7510,3.3
7566,2.7
7531,3.0
7538,3.2
7551,3.5
7565,3.6
7526,2.7
7561,3.5
7568,3.3
7571,3.3
7539,3.4
7545,2.4
7556,3.4
7542,2.8
7557,3.1
7562,3.4
7553,3.4
7574,3.4
7564,3.2
7586,3.1
7584,3.6
7581,3.8
7554,3.1
7578,3.4
7582,2.9
7569,2.9
7521,3.2
7579,3.8
7513,3.2
7463,3.2
7558,3.3
7573,2.9
7525,2.6
7603,2.4
7593,3.1
7589,3.4
7607,3.3
7591,3.5
7587,3.4
7594,3.0
7552,3.1
7567,2.8
7606,3.6
7590,2.9
7608,3.1
7592,3.2
7583,3.0
7570,3.5
7612,3.3
7572,3.3
7604,3.5
7598,3.1
7550,3.3
7588,3.6
7623,3.0
7600,3.2
7575,3.5
7576,3.4
7601,3.4
7620,3.7
7613,3.4
7609,3.0
7596,3.0
7605,3.5
7559,3.1
7597,3.1
7599,3.6
7614,3.4
7617,3.7
7595,2.6
7635,3.0
7585,2.8
7627,2.9
7652,3.4
7580,3.5
7610,3.3
7611,3.4
7625,3.0
7641,2.7
7637,3.5
7621,3.4
7616,2.8
7577,3.4
7640,3.5
7632,3.4
7622,2.8
7634,3.5
7619,3.2
7653,2.9
7639,3.3
7643,3.5
7624,3.3
7646,3.6
7615,2.7
7649,3.4
7662,3.4
7647,3.3
7642,2.6
7672,3.4
7656,2.6
7602,3.3
7645,3.4
7633,3.2
7657,3.0
7618,3.2
7659,3.7
7651,3.4
7669,3.5
7673,3.7
7661,3.4
7644,3.0
7638,2.3
7655,3.3
7676,3.7
7628,3.0
7682,3.5
7650,3.4
7667,3.8
7636,3.5
7626,2.9
7654,3.4
7677,3.5
7691,3.6
7678,3.2
7689,2.9
7666,3.0
7663,2.6
7630,3.3
7658,3.8
7664,3.5
7687,3.5
7674,3.5
7631,2.7
7685,2.9
7629,3.1
7679,3.4
7665,3.7
7712,3.8
7696,3.0
7668,3.3
7702,3.0
7681,3.3
7704,3.5
7648,3.0
7707,3.2
7697,3.4
7680,3.3
7683,2.7
7688,2.4
7675,2.8
7708,3.1
7716,3.6
7709,3.6
7706,3.3
7692,3.5
7698,3.6
7560,2.7
7693,3.1
7670,2.7
7660,3.2
7725,3.0
7731,3.2
7722,3.1
7694,3.3
7719,2.8
7695,3.0
7703,2.9
7732,3.2
7729,3.1
7717,3.5
7724,3.3
7720,3.3
7684,3.4
7743,3.8
7733,3.6
7740,3.4
7741,3.2
7713,3.5
7736,3.2
7738,3.1
7745,3.6
7711,3.0
7714,3.6
7701,3.3
7671,3.4
7753,3.6
7751,3.3
7715,3.7
7759,2.8
7727,3.0
7742,3.6
7757,3.3
7755,3.4
7760,3.5
7700,2.9
7730,3.3
7764,3.5
7686,3.0
7754,3.4
7768,3.5
7726,3.2
7750,3.3
7761,3.6
7699,3.2
7718,3.2
7721,3.2
7728,3.1
7710,3.0
7690,2.9
7747,3.1
7734,2.7
7767,3.6
7763,3.2
7735,3.2
7758,3.3
7766,2.9
7774,3.3
7744,2.9
7748,3.3
7769,3.0
7773,3.6
7749,2.6
7705,3.5
7762,3.6
7777,3.3
7765,3.4
7752,3.2
7770,3.5
7739,3.1
7723,3.0
7737,3.2
7779,3.7
7792,3.0
7793,3.6
7783,3.3
7781,3.5
7802,3.5
7795,3.5
7799,3.3
7746,3.3
7785,2.8
7808,3.3
7786,3.4
7806,3.7
7756,3.3
7803,3.5
7811,3.1
7821,3.6
7791,3.4
7820,3.6
7778,3.2
7782,3.3
7822,3.0
7780,3.5
7823,3.4
7787,3.3
7790,3.0
7801,3.3
7776,3.1
7807,3.7
7788,3.7
7798,3.4
7805,3.3
7825,3.3
7819,3.7
7826,3.5
7834,3.3
7794,3.0
7815,3.6
7784,2.4
7789,3.3
7796,3.2
7840,3.6
7812,3.4
7772,2.5
7817,3.4
7810,2.7
7775,3.1
7814,3.5
7797,3.1
7832,3.1
7848,3.7
7771,2.8
7833,3.1
7809,3.3
7839,3.7
7844,2.4
7827,3.1
7829,3.4
7845,3.1
7800,2.9
7828,3.3
7813,3.6
7831,3.6
7846,3.3
7836,3.2
7856,3.3
7866,3.3
7841,3.3
7835,3.2
7850,3.1
7874,3.1
7860,3.7
7854,3.3
7862,3.1
7843,3.7
7816,2.7
7824,3.3
7855,3.4
7884,3.1
7863,3.2
7852,3.0
7870,3.1
7868,3.7
7864,3.2
7859,3.6
7804,2.8
7872,3.5
7886,3.4
7830,3.6
7869,3.1
7890,3.6
7838,3.5
7876,3.5
7818,3.0
7842,3.3
7861,3.2
7853,3.6
7871,3.1
7881,3.3
7867,3.6
7878,2.8
7865,3.4
7882,3.6
7903,3.4
7849,3.0
7894,3.1
7885,3.3
7883,3.6
7857,3.0
7913,3.5
7877,3.7
7895,3.5
7879,3.1
7847,3.3
7898,2.9
7907,3.7
7916,3.6
7933,3.0
7938,3.6
7892,3.1
7896,3.4
7918,3.3
7893,3.1
7910,3.6
7891,2.9
7911,3.8
7837,3.2
7920,3.7
7889,2.4
7900,3.7
7936,3.6
7906,3.3
7887,2.7
7914,3.6
7919,3.5
7888,3.3
7924,3.8
7897,3.0
7917,3.3
7922,2.6
7904,3.6
7925,3.3
7932,3.7
7901,3.0
7899,3.1
7945,3.8
7858,2.9
7940,3.2
7909,3.3
7875,3.3
7908,2.8
7912,3.0
7943,3.3
7930,3.7
7939,3.4
7947,3.5
7880,2.6
7931,3.0
7902,3.3
7926,2.9
7937,3.5
7927,3.0
7950,3.3
7923,3.6
7851,3.1
7935,3.6
7929,3.4
7915,3.3
7973,3.5
7981,3.1
7953,3.3
7921,3.2
7954,3.7
7873,3.4
7955,3.7
7948,3.8
7971,2.9
7975,3.6
7960,3.7
7969,3.0
7974,3.2
7962,3.1
7905,2.5
7928,3.2
7941,2.8
7949,3.6
7989,3.3
7944,3.6
7942,3.4
7957,3.1
7951,3.2
7978,3.5
7964,3.3
7982,3.6
7934,3.4
7959,3.6
7980,3.4
7970,3.2
7985,3.4
7990,3.6
7963,3.3
7986,3.5
7961,3.2
7983,3.4
8002,3.1
7968,3.2
7958,3.1
7972,3.5
7991,3.8
7956,3.2
7995,2.8
7994,3.0
7998,3.6
7993,2.9
7979,3.6
7996,3.6
7965,2.9
8014,3.6
8023,3.7
7992,3.1
7976,3.1
7977,3.1
7952,3.1
8005,3.5
7999,2.8
8026,3.6
8008,3.6
8003,3.1
7946,2.3
7987,3.7
8010,3.2
8013,3.0
7984,3.3
8004,3.0
8038,3.7
8009,2.3
7997,3.1
8032,3.2
8018,3.6
7966,2.8
8007,3.4
8021,3.6
8019,3.3
8012,3.2
8049,3.2
8036,3.4
8030,3.2
8011,3.1
7967,3.1
7988,3.4
8022,3.4
8040,3.7
8006,2.8
8015,2.9
8016,3.5
8027,3.2
8025,3.5
8024,2.8
8053,3.0
8035,2.9
8065,3.7
8061,2.8
8041,3.4
8020,2.9
8059,3.6
8017,3.1
8029,3.5
8028,3.7
8034,3.0
8033,3.6
8064,3.4
8062,3.7
8085,3.4
8000,3.2
8039,3.6
8060,3.3
8044,3.2
8080,3.2
8043,3.4
8046,3.6
8052,3.2
8037,3.7
8058,3.2
8075,3.1
8031,3.1
8050,3.7
8054,3.2
8056,3.4
8076,3.5
8079,3.5
8067,2.9
8048,3.2
8071,3.5
8045,3.0
8042,2.9
8001,3.1
8086,3.1
8110,3.7
8081,2.6
8099,3.1
8091,3.4
8055,3.3
8063,3.2
8077,3.5
8090,3.6
8100,3.0
8082,2.6
8114,3.7
8051,3.5
8108,3.6
8074,3.4
8119,2.8
8096,3.2
8116,2.9
8095,3.1
8047,3.2
8093,3.3
8057,3.3
8073,3.0
8084,3.5
8112,3.5
8066,3.4
8078,3.5
8087,3.0
8098,3.5
8106,3.6
8089,3.8
8068,3.1
8123,3.6
8105,3.5
8120,3.2
8069,3.2
8136,3.5
8094,2.9
8102,2.3
8126,3.4
8118,3.4
8083,2.8
8133,3.4
8128,3.5
8130,3.4
8129,3.4
8107,3.2
8134,3.3
8097,2.9
8088,3.4
8127,3.4
8138,3.6
8092,3.1
8101,3.1
8072,3.2
8103,3.6
8154,3.6
8113,3.9
8157,3.4
8121,3.5
8117,3.7
8122,3.2
8149,3.2
8070,3.1
8142,3.8
8131,3.4
8163,3.2
8104,3.0
8132,3.5
8115,3.2
8144,3.1
8162,3.6
8125,3.4
8155,3.3
8143,3.2
8170,3.8
8139,3.3
8147,3.4
8124,3.1
8148,3.5
8153,3.2
8141,3.5
8161,3.7
8159,3.0
8135,3.2
8140,3.3
8109,3.4
8180,3.5
8183,3.8
8137,2.6
8150,2.6
8169,3.0
8166,3.3
8175,3.0
8174,2.7
8160,2.9
8192,3.6
8111,3.1
8176,3.6
8186,2.8
8146,3.3
8152,3.4
8165,2.9
8173,3.4
8172,3.1
8182,3.0
8168,2.7
8145,3.6
8156,3.3
8181,2.9
8171,3.4
8211,2.9
8187,3.2
8158,3.4
8177,3.3
8200,3.6
8184,3.2
8196,3.6
8185,3.1
8189,3.6
8217,3.5
8191,3.1
8178,3.5
8164,3.0
8193,3.4
8204,3.2
8197,3.1
8151,3.5
8216,3.3
8179,2.8
8212,3.5
8214,3.6
8188,2.8
8195,3.6
8223,3.3
8213,3.0
8227,2.7
8206,3.0
8230,3.4
8202,3.7
8243,3.1
8167,3.0
8215,3.2
8205,3.5
8239,3.6
8229,3.1
8207,2.8
8203,3.5
8219,3.5
8209,3.3
8233,3.6
8228,3.3
8246,3.8
8218,3.4
8198,3.1
8221,2.9
8257,3.3
8220,3.3
8225,3.1
8234,3.6
8190,2.8
8208,3.1
8232,3.2
8235,2.6
8237,3.4
8245,3.6
8201,2.9
8270,3.6
8224,3.3
8248,3.6
8267,3.6
8199,2.6
8260,3.2
8275,3.5
8210,2.6
8236,3.2
8240,3.1
8284,3.3
8283,3.7
8247,3.3
8255,3.2
8262,3.3
8244,3.2
8194,3.0
8249,3.3
8242,3.2
8254,3.2
8271,3.4
8258,3.3
8273,2.9
8279,3.4
8251,3.2
8238,3.6
8272,3.6
8295,3.8
8231,2.7
8280,3.0
8268,3.0
8259,3.0
8250,3.8
8276,3.3
8263,3.4
8286,3.3
8265,3.3
8222,2.8
8292,3.8
8293,3.3
8282,3.6
8296,2.9
8266,3.5
8297,3.2
8291,3.0
8288,3.5
8256,2.5
8253,3.7
8278,3.0
8327,3.6
8264,3.3
8252,2.9
8285,2.6
8321,3.5
8277,3.5
8281,3.1
8317,3.1
8226,3.3
8269,2.8
8302,3.7
8304,3.3
8241,3.2
8306,3.0
8309,3.1
8312,2.9
8308,3.1
8315,3.4
8331,3.3
8310,2.5
8287,3.5
8305,3.2
8299,3.4
8319,3.1
8261,2.6
8316,2.8
8322,3.2
8320,3.3
8336,3.7
8333,3.4
8311,3.5
8329,3.1
8301,3.0
8290,3.2
8328,3.2
8325,3.5
8347,3.6
8313,3.0
8349,3.6
8274,3.2
8289,2.8
8303,2.6
8340,3.5
8307,3.2
8351,3.7
8330,3.2
8343,3.0
8338,3.5
8300,2.8
8294,3.0
8324,3.3
8339,3.2
8318,3.4
8348,2.9
8341,3.4
8357,3.4
8361,3.4
8344,3.3
8352,2.7
8342,3.5
8365,3.7
8334,3.2
8378,3.8
8363,3.9
8374,3.5
8337,3.0
8335,3.1
8298,2.8
8332,3.7
8323,2.9
8392,3.4
8368,3.0
8383,3.5
8373,3.1
8314,3.1
8364,3.6
8360,2.7
8326,3.1
8382,3.1
8367,3.0
8345,3.2
8353,2.9
8359,3.1
8369,3.7
8362,3.4
8354,3.5
8358,3.4
8380,3.5
8366,3.2
8386,3.5
8355,3.3
8390,3.1
8407,3.3
8412,3.6
8404,2.7
8379,2.8
8350,2.7
8389,3.5
8398,2.7
8370,3.1
8399,3.1
8377,3.3
8395,3.1
8381,3.3
8400,2.9
8396,3.1
8393,3.4
8394,3.3
8417,3.3
8384,2.9
8375,3.3
8414,3.3
8426,3.1
8405,3.2
8421,3.6
8356,3.1
8385,3.6
8411,3.2
8408,3.6
8402,3.2
8419,3.0
8387,2.8
8401,3.3
8415,3.0
8413,3.4
8436,3.0
8376,3.1
8435,3.1
8391,2.9
8372,3.3
8418,3.2
8434,3.0
8410,3.4
8388,3.4
8397,3.0
8420,2.9
8409,3.3
8346,2.5
8429,3.7
8441,3.7
8422,3.4
8403,3.5
8439,3.6
8425,3.1
8450,3.7
8428,3.2
8424,3.1
8427,3.1
8443,3.7
8440,3.6
8442,3.2
8430,3.2
8416,3.7
8371,2.7
8461,3.3
8444,3.3
8445,3.5
8437,3.3
8462,3.3
8432,3.0
8484,3.6
8454,2.8
8451,3.1
8423,3.0
8448,3.0
8431,3.6
8458,3.5
8473,3.6
8452,3.8
8438,3.3
8469,3.4
8453,3.7
8475,3.6
8483,3.7
8455,3.6
8480,3.0
8474,3.6
8463,3.5
8466,3.1
8447,3.1
8476,3.4
8467,3.2
8468,3.6
8471,3.6
8487,3.5
8494,3.7
8465,3.2
8490,3.1
8497,3.1
8491,3.4
8486,3.4
8446,2.6
8492,3.3
8460,3.4
8478,3.1
8503,3.1
8504,3.6
8511,3.6
8479,3.0
8500,3.5
8472,3.2
8498,3.3
8457,2.9
8477,3.0
8459,3.1
8449,3.0
8489,3.4
8518,3.7
8527,3.7
8456,3.3
8516,3.1
8488,3.2
8470,3.5
8528,3.6
8507,3.3
8495,3.3
8485,2.0
8506,2.7
8529,3.5
8499,3.1
8514,3.5
8493,3.6
8515,2.6
8464,2.8
8482,3.1
8519,2.8
8517,3.0
8534,3.7
8481,2.9
8523,3.7
8524,3.2
8501,3.1
8537,3.8
8510,3.1
8509,2.9
8508,2.9
8522,3.3
8513,3.0
8539,3.6
8535,3.3
8543,3.3
8496,2.9
8540,3.7
8557,3.6
8512,3.2
8520,3.5
8521,3.1
8544,3.8
8549,3.5
8530,3.5
8526,3.5
8502,3.3
8532,3.3
8572,3.7
8575,3.5
8562,2.6
8505,3.0
8542,2.7
8525,2.5
8551,3.1
8538,3.5
8541,3.6
8536,2.9
8552,3.6
8531,3.0
8547,3.2
8565,3.5
8566,3.6
8433,3.2
8533,3.2
8406,3.1
8558,3.0
8580,3.0
8560,3.2
8550,2.5
8546,3.7
8545,2.6
8590,3.3
8563,3.2
8555,3.2
8567,3.2
8564,3.8
8553,3.4
8585,3.3
8597,3.1
8569,3.3
8584,3.5
8573,3.5
8578,3.8
8554,3.3
8568,3.6
8583,3.2
8548,3.1
8599,3.7
8593,3.8
8587,3.5
8576,3.2
8559,2.9
8556,3.2
8571,3.5
8612,3.2
8619,3.5
8570,3.1
8606,2.7
8561,3.1
8589,3.3
8615,3.2
8609,3.0
8594,3.5
8618,3.4
8608,3.3
8614,3.7
8617,3.2
8601,3.3
8598,3.3
8579,3.3
8607,3.3
8623,3.1
8591,2.8
8603,3.5
8616,3.1
8574,3.1
8637,3.2
8605,3.2
8636,3.7
8624,3.4
8581,3.0
8643,3.0
8602,3.4
8639,3.8
8622,3.6
8621,3.2
8582,2.5
8631,2.9
8632,3.2
8629,3.3
8625,3.2
8596,2.9
8588,2.9
8640,3.8
8610,3.3
8620,3.6
8604,3.3
8592,3.2
8638,3.0
8633,3.2
8613,3.5
8628,3.2
8673,3.8
8641,3.4
8646,3.4
8577,2.7
8644,3.1
8611,3.0
8635,3.3
8642,3.2
8660,3.1
8647,3.1
8661,3.1
8656,3.3
8645,3.1
8662,3.2
8648,3.4
8650,3.6
8634,3.2
8586,3.1
8672,3.5
8667,3.6
8600,3.1
8658,3.4
8626,2.9
8649,3.1
8655,3.1
8630,3.5
8674,3.4
8652,3.1
8669,3.4
8651,3.3
8663,2.9
8666,3.0
8675,3.4
8654,3.2
8684,3.4
8665,2.6
8659,3.1
8677,3.2
8696,3.2
8692,3.5
8693,3.6
8671,3.5
8653,2.8
8627,3.0
8668,3.6
8681,3.2
8678,3.0
8595,3.3
8687,3.1
8680,3.3
8689,3.3
8694,3.3
8676,3.3
8679,2.9
8715,3.3
8682,3.2
8688,3.3
8699,3.2
8719,3.7
8683,3.3
8697,3.6
8690,3.6
8702,3.1
8704,3.5
8712,3.1
8685,2.8
8686,3.1
8670,2.9
8708,2.8
8706,3.3
8691,3.4
8728,3.6
8721,3.3
8741,3.7
8718,3.1
8720,3.4
8703,3.2
8707,3.2
8735,3.3
8698,3.5
8730,3.5
8705,3.6
8657,3.0
8738,3.4
8742,3.1
8695,3.2
8664,2.8
8714,3.0
8727,3.2
8725,3.2
8739,3.3
8709,3.3
8710,3.5
8716,3.5
8736,3.5
8734,3.7
8711,3.5
8717,2.2
8758,3.3
8722,3.6
8700,2.7
8745,2.9
8729,3.4
8726,3.2
8732,3.5
8737,3.5
8701,2.9
8723,3.6
8713,2.6
8750,3.6
8759,3.6
8765,3.5
8754,3.0
8769,3.0
8731,2.8
8766,3.5
8744,3.1
8747,3.5
8762,3.6
8753,2.6
8785,3.5
8746,3.1
8757,3.5
8760,3.1
8792,3.5
8724,3.3
8782,3.4
8740,2.9
8763,2.7
8743,3.3
8775,3.3
8772,3.1
8780,3.2
8774,3.1
8733,3.2
8770,3.4
8794,3.3
8784,3.6
8764,3.1
8771,3.3
8777,3.3
8748,3.1
8795,3.2
8796,3.4
8791,3.6
8787,3.3
8779,3.4
8805,3.4
8786,3.7
8807,3.4
8773,3.2
8755,2.7
8800,3.5
8768,3.0
8789,3.3
8751,3.1
8793,2.7
8761,2.8
8781,3.3
8790,2.7
8783,3.1
8752,3.0
8806,3.4
8811,3.4
8778,3.2
8776,2.8
8799,3.6
8833,3.2
8756,3.1
8822,3.6
8803,3.2
8802,3.3
8797,3.6
8825,3.4
8767,2.8
8788,2.9
8831,3.4
8749,2.9
8804,3.0
8838,3.4
8808,3.6
8844,3.4
8853,3.7
8834,3.4
8813,3.1
8810,3.2
8812,3.5
8827,3.3
8832,3.3
8830,3.3
8852,3.5
8818,3.1
8809,3.3
8846,3.7
8820,3.0
8847,3.6
8826,3.3
8850,3.3
8851,3.4
8824,3.6
8823,3.5
8845,3.4
8821,2.9
8798,3.1
8801,3.1
8819,2.7
8842,3.6
8817,3.0
8837,3.3
8828,3.4
8815,2.9
8829,3.4
8840,3.1
8866,3.2
8814,3.5
8843,3.6
8873,3.4
8839,3.5
8869,3.2
8893,3.1
8848,3.2
8861,2.7
8883,3.5
8871,3.5
8859,3.6
8867,2.4
8865,3.4
8849,3.4
8816,3.2
8864,3.2
8895,3.4
8836,3.0
8854,2.8
8835,2.9
8870,2.8
8855,3.4
8879,3.3
8884,2.7
8875,3.3
8863,3.7
8899,3.3
8872,3.5
8881,3.5
8882,3.6
8880,3.4
8877,3.0
8890,3.2
8894,3.3
8889,3.1
8898,3.6
8878,2.8
8923,3.3
8901,2.9
8888,3.2
8885,3.3
8841,3.2
8908,3.3
8886,3.5
8874,3.4
8912,3.4
8900,2.8
8897,3.2
8860,3.1
8924,3.5
8896,3.5
8887,2.6
8856,3.2
8910,3.2
8909,3.5
8858,3.2
8903,3.3
8891,2.7
8857,2.8
8905,3.6
8916,3.3
8862,3.1
8918,3.5
8906,3.0
8930,3.6
8914,3.5
8913,3.4
8892,3.2
8876,3.2
8934,3.1
8922,3.6
8915,3.4
8904,3.2
8911,3.7
8919,3.4
8868,3.1
8917,3.5
8953,3.7
8941,3.5
8925,3.6
8902,3.4
8942,3.5
8929,3.6
8955,3.4
8926,3.4
8928,3.3
8948,3.1
8936,3.6
8957,3.7
8907,2.9
8945,3.4
8956,3.1
8981,3.1
8967,3.5
8921,3.1
8944,3.1
8939,3.4
8978,3.5
8938,3.2
8920,3.4
8974,3.3
8958,3.4
8952,3.5
8965,3.5
8940,3.2
8973,3.2
8947,2.6
8931,3.4
8933,3.0
8963,3.4
8960,3.1
8951,3.1
8968,3.2
8937,3.2
8977,3.2
8961,3.3
8949,3.2
8962,3.1
8976,3.3
8969,3.4
8983,3.2
8992,3.2
8971,3.5
8964,3.4
9004,3.7
8966,3.2
8935,3.0
8950,2.9
8927,3.0
8946,3.3
8990,3.5
8984,2.6
8999,3.3
8943,3.6
9006,3.0
8932,3.2
8998,3.3
8997,3.5
8995,3.8
9008,3.6
9015,3.8
8993,3.2
9002,3.5
8987,3.5
8979,3.6
9014,3.5
8991,3.2
9001,2.9
8982,3.2
8970,2.7
9012,3.0
8954,3.0
8994,2.9
8985,3.4
8996,3.1
9000,3.7
8959,3.3
8972,2.9
9009,3.5
9044,3.6
9018,3.7
8975,3.1
8980,3.0
8988,3.3
9007,3.0
9016,3.5
8986,2.6
9040,3.6
9005,3.2
9024,3.4
9033,3.5
9059,3.1
9027,3.3
9043,3.3
9036,3.7
9055,3.5
9010,3.1
9035,3.6
9034,3.5
9049,3.4
9011,3.4
9029,3.0
9017,3.0
9003,3.5
9062,3.2
9047,2.4
9065,3.5
9023,2.7
9032,3.4
9048,2.7
9056,3.6
9064,3.4
9042,2.9
9022,3.5
9025,3.3
9030,3.3
9054,3.3
9045,3.2
9013,2.9
9052,3.2
9051,3.5
9050,3.5
9060,3.1
9031,3.4
9083,3.2
9038,3.6
8989,3.1
9021,2.7
9066,3.3
9074,3.7
9063,3.6
9093,3.4
9077,2.8
9037,3.4
9069,3.1
9019,2.5
9028,2.9
9085,3.5
9079,3.4
9075,3.5
9041,3.1
9067,3.4
9095,3.3
9057,3.2
9076,3.3
9046,2.9
9078,3.4
9117,3.3
9026,2.8
9092,3.1
9071,3.6
9081,3.3
9090,3.3
9087,3.0
9084,3.0
9096,3.4
9039,2.9
9098,3.6
9086,2.9
9053,3.3
9072,2.8
9020,3.1
9116,2.2
9110,3.7
9100,3.2
9073,2.8
9058,2.8
9115,3.5
9118,3.1
9109,3.4
9114,3.5
9099,2.4
9089,3.2
9106,3.1
9129,2.7
9102,3.3
9104,3.1
9088,3.1
9113,3.0
9133,3.4
9135,3.6
9097,3.1
9108,3.5
9122,3.0
9125,3.0
9121,3.4
9130,3.5
9068,2.4
9082,3.4
9132,3.3
9126,2.9
9137,3.2
9139,3.3
9094,3.1
9103,3.2
9105,3.4
9134,3.0
9138,2.7
9123,3.2
9070,3.0
9101,3.2
9136,3.4
9061,3.2
9160,3.2
9107,3.2
9127,2.8
9152,3.4
9080,2.9
9112,3.6
9128,3.6
9111,3.4
9140,2.5
9124,3.1
9155,3.2
9163,2.9
9145,2.9
9150,3.3
9158,3.4
9141,2.9
9142,3.3
9179,3.0
9178,3.8
9161,3.1
9091,3.1
9151,2.6
9159,3.4
9154,3.1
9175,2.4
9187,3.6
9176,3.8
9170,3.0
9146,3.6
9188,3.1
9166,3.1
9190,3.2
9182,2.8
9156,3.1
9157,3.0
9120,3.0
9162,3.5
9168,3.1
9172,3.4
9197,3.7
9183,3.1
9184,3.5
9191,3.3
9143,2.8
9119,3.1
9144,3.4
9195,3.3
9198,3.4
9173,2.9
9169,3.4
9206,3.3
9167,3.5
9149,3.0
9147,2.9
9209,3.2
9153,3.1
9200,3.7
9204,3.4
9192,3.6
9194,3.5
9199,3.4
9185,3.2
9211,3.6
9225,3.7
9189,3.6
9202,3.5
9177,2.9
9219,3.6
9164,3.2
9201,3.2
9221,3.7
9237,3.4
9208,2.9
9241,2.8
9148,3.0
9210,3.1
9234,3.5
9180,3.5
9216,3.1
9196,3.0
9220,3.2
9218,3.4
9214,3.6
9239,3.4
9222,3.1
9181,3.4
9243,3.6
9231,3.7
9207,3.5
9247,3.9
9240,3.6
9174,2.3
9213,3.0
9227,2.8
9193,3.3
9257,3.0
9165,3.0
9258,3.5
9242,3.3
9230,3.5
9171,3.0
9250,3.1
9229,2.8
9215,3.3
9131,3.0
9228,3.2
9245,3.1
9212,3.0
9205,2.9
9252,3.6
9246,3.6
9261,3.2
9248,3.3
9236,2.9
9266,3.5
9226,3.1
9238,3.5
9251,3.3
9244,3.1
9265,3.6
9217,2.4
9224,3.1
9276,3.4
9235,3.1
9232,3.6
9253,2.6
9249,2.9
9260,2.7
9186,3.5
9233,2.8
9254,3.1
9282,3.6
9255,3.4
9263,2.9
9203,2.9
9294,3.8
9287,2.8
9283,3.2
9270,3.0
9284,3.1
9262,3.0
9268,3.0
9281,3.7
9300,3.3
9279,3.2
9264,3.1
9303,3.8
9267,3.3
9290,3.3
9311,3.0
9288,3.5
9273,3.4
9292,3.0
9274,3.3
9302,3.4
9319,3.6
9285,3.3
9272,3.6
9277,3.4
9223,3.3
9278,3.5
9313,3.6
9297,3.2
9321,3.2
9306,3.6
9327,3.6
9280,2.8
9304,3.4
9259,3.2
9286,3.5
9326,3.4
9323,3.2
9328,3.5
9307,3.4
9309,3.3
9299,3.4
9269,3.0
9335,3.4
9310,3.4
9320,3.7
9271,3.5
9318,3.1
9275,3.0
9343,3.6
9293,2.5
9347,3.6
9317,3.5
9308,3.5
9315,3.1
9316,3.7
9344,2.4
9322,3.5
9354,3.6
9296,3.2
9339,2.8
9291,3.1
9331,3.4
9312,3.1
9256,3.0
9358,3.3
9338,3.2
9330,3.2
9333,3.1
9289,2.7
9351,3.5
9337,3.1
9341,3.4
9352,2.7
9365,2.8
9342,3.6
9298,3.4
9324,3.6
9361,3.3
9336,3.5
9346,3.2
9325,3.3
9372,3.6
9362,3.2
9314,3.7
9376,3.2
9367,3.4
9374,3.5
9329,3.1
9356,3.3
9334,3.0
9379,3.5
9353,2.9
9373,2.7
9345,3.5
9295,2.9
9359,3.6
9363,3.0
9350,3.0
9406,3.4
9370,3.6
9378,2.8
9381,3.2
9387,3.5
9394,3.3
9366,3.2
9340,2.8
9385,2.9
9386,3.5
9388,3.2
9332,2.2
9360,3.3
9349,2.8
9400,3.3
9305,3.1
9402,3.1
9395,3.3
9348,3.3
9355,3.4
9405,3.1
9411,3.5
9301,3.3
9393,2.9
9364,3.0
9380,3.5
9415,3.4
9384,3.3
9397,3.4
9414,3.5
9383,3.4
9368,3.2
9398,3.3
9416,3.7
9369,3.3
9424,3.7
9396,3.3
9417,2.9
9409,3.3
9408,3.5
9375,3.6
9436,3.4
9404,3.2
9403,3.3
9441,2.9
9357,3.3
9407,3.5
9425,3.0
9420,3.1
9377,3.1
9410,3.3
9401,3.4
9382,3.6
9421,3.3
9390,2.7
9392,3.2
9438,3.3
9433,3.6
9399,2.9
9439,3.5
9447,3.2
9434,3.2
9435,3.5
9422,2.7
9432,3.4
9448,3.3
9423,3.1
9418,3.4
9431,3.2
9427,2.7
9419,3.2
9412,3.3
9455,3.5
9465,3.7
9472,3.8
9371,2.7
9389,2.9
9426,3.4
9437,3.6
9456,3.4
9460,3.2
9463,3.4
9413,3.1
9450,3.2
9458,3.7
9443,3.2
9459,3.6
9454,3.6
9391,3.0
9484,3.7
9444,3.7
9442,3.3
9478,2.8
9457,3.4
9466,3.3
9461,3.1
9445,3.4
9467,3.3
9440,3.4
9451,3.3
9446,2.9
9470,3.6
9486,3.2
9482,2.9
9462,3.6
9477,2.8
9489,3.1
9474,3.8
9476,2.8
9473,2.8
9449,2.6
9504,3.7
9483,3.6
9491,3.5
9429,3.0
9485,3.4
9494,3.5
9506,3.0
9490,2.7
9487,3.5
9475,3.5
9469,3.0
9513,3.2
9464,3.0
9495,3.7
9428,2.9
9512,3.6
9501,3.2
9452,3.1
9511,3.4
9492,3.5
9453,3.1
9499,3.2
9493,3.3
9496,3.4
9479,2.9
9480,3.4
9471,2.6
9481,2.9
9529,3.2
9468,3.1
9500,3.2
9521,3.3
9488,3.5
9525,3.6
9520,3.4
9505,3.4
9515,3.2
9430,3.3
9533,3.7
9507,3.3
9535,3.7
9528,3.2
9502,2.4
9531,3.3
9518,2.8
9509,3.4
9498,3.2
9538,3.2
9527,3.3
9522,3.4
9540,3.5
9526,3.0
9546,3.8
9548,3.7
9553,3.0
9530,2.8
9561,3.4
9517,3.3
9534,3.2
9552,3.3
9497,3.0
9532,2.8
9503,3.3
9543,3.6
9523,2.9
9519,3.2
9547,3.4
9554,3.2
9558,3.2
9545,2.8
9541,3.6
9562,2.4
9559,3.2
9557,2.9
9563,3.4
9573,3.6
9524,3.3
9551,3.4
9539,3.2
9536,3.3
9580,3.9
9508,2.8
9569,3.6
9514,3.0
9542,3.4
9556,3.6
9550,3.3
9588,3.3
9595,3.8
9516,2.7
9581,3.6
9579,3.3
9576,2.9
9560,3.5
9584,3.5
9568,2.9
9574,3.0
9570,2.8
9583,3.5
9567,2.9
9602,3.5
9590,3.4
9566,2.9
9594,3.6
9578,3.5
9582,3.4
9607,3.4
9611,3.5
9600,3.8
9604,3.7
9593,3.4
9586,3.2
9575,2.9
9612,3.6
9608,3.7
9555,3.0
9537,2.5
9591,3.5
9598,3.2
9610,3.7
9605,3.2
9571,3.5
9544,3.0
9624,3.7
9609,3.0
9587,3.6
9597,3.3
9572,3.1
9596,3.2
9565,3.2
9510,2.7
9549,3.4
9577,2.6
9564,2.8
9618,3.5
9622,3.5
9616,3.6
9589,3.1
9630,3.2
9620,3.4
9601,3.0
9623,3.4
9614,3.5
9629,3.1
9655,3.9
9603,3.1
9617,3.0
9613,3.2
9592,3.0
9619,3.7
9635,3.4
9606,3.2
9585,3.5
9632,2.4
9627,2.9
9615,3.2
9628,3.5
9626,3.5
9634,3.3
9651,3.2
9599,3.5
9621,3.5
9644,3.1
9633,3.2
9641,3.2
9643,3.4
9662,3.4
9657,3.3
9667,3.1
9645,3.3
9664,3.2
9631,3.2
9636,3.1
9663,3.5
9642,3.5
9670,3.1
9649,3.1
9648,3.2
9625,3.3
9647,2.8
9638,3.6
9697,3.6
9637,2.6
9640,3.6
9660,2.9
9661,3.3
9678,3.7
9685,3.1
9659,3.3
9656,3.0
9668,3.1
9654,2.8
9669,3.2
9686,3.5
9650,2.8
9671,2.5
9675,3.2
9677,3.6
9696,3.4
9639,3.4
9705,3.2
9681,3.3
9665,3.0
9711,3.4
9673,3.3
9653,3.1
9695,3.2
9690,3.3
9652,3.0
9703,3.5
9680,3.2
9698,3.2
9713,3.5
9692,2.6
9700,3.2
9666,3.4
9684,3.3
9710,3.4
9716,3.4
9702,3.6
9720,3.5
9708,3.5
9732,2.6
9679,2.7
9658,2.9
9694,3.1
9693,3.5
9701,3.0
9674,3.2
9672,3.2
9707,3.1
9738,3.7
9717,3.1
9688,2.9
9691,2.7
9676,3.6
9719,3.4
9747,3.8
9712,3.2
9683,3.6
9709,3.6
9737,3.2
9689,3.1
9718,3.6
9743,3.6
9742,3.5
9724,3.5
9722,3.2
9730,3.4
9723,3.4
9726,3.2
9727,3.6
9748,3.0
9734,2.9
9735,3.2
9704,3.6
9728,3.4
9714,3.6
9746,3.6
9763,3.2
9757,3.5
9731,3.4
9739,3.6
9729,3.7
9699,3.5
9682,3.6
9721,3.1
9725,3.1
9754,3.4
9750,3.7
9755,3.0
9733,3.4
9751,3.6
9756,3.4
9715,3.6
9741,3.3
9769,3.4
9773,3.2
9687,2.7
9761,2.8
9772,3.4
9770,3.6
9745,3.5
9753,3.2
9752,3.5
9779,3.1
9740,3.0
9706,3.1
9776,2.8
9777,3.4
9768,3.6
9775,2.8
9795,2.9
9762,2.8
9759,3.4
9796,3.8
9646,3.3
9749,3.4
9801,3.4
9788,2.9
9799,3.7
9736,3.0
9764,3.5
9807,3.3
9798,3.3
9771,3.3
9766,3.4
9783,3.1
9767,3.5
9784,3.6
9778,3.3
9792,3.1
9782,3.6
9760,3.2
9800,3.6
9781,2.9
9789,3.7
9808,3.3
9758,3.0
9805,2.8
9794,3.3
9810,2.6
9780,3.6
9816,3.4
9824,3.6
9814,3.2
9803,3.3
9818,2.9
9774,3.2
9825,3.3
9804,2.6
9809,3.3
9786,3.2
9829,3.3
9823,3.1
9811,3.7
9785,3.3
9846,3.6
9845,3.8
9852,3.2
9791,3.3
9833,3.7
9839,3.3
9828,3.2
9826,2.9
9765,3.1
9787,3.3
9790,2.8
9836,3.7
9830,3.5
9806,3.2
9843,3.4
9820,3.2
9817,2.8
9831,3.6
9841,3.2
9802,3.3
9821,3.1
9819,3.0
9797,3.0
9853,3.2
9864,3.5
9861,3.6
9838,3.0
9822,2.8
9834,3.6
9850,3.0
9812,3.1
9840,3.8
9813,3.4
9854,3.4
9815,3.0
9848,3.1
9793,3.5
9835,3.0
9867,3.5
9862,3.6
9844,3.2
9847,3.5
9851,3.2
9856,3.4
9870,3.5
9837,2.9
9869,3.8
9874,3.2
9832,3.1
9858,3.2
9857,3.3
9865,3.1
9895,3.3
9842,2.7
9863,3.0
9872,3.2
9902,3.3
9877,3.3
9860,3.3
9912,3.5
9849,3.2
9827,3.3
9875,3.5
9871,3.3
9855,3.6
9889,2.6
9859,3.3
9897,3.4
9905,3.2
9886,2.6
9878,3.5
9898,3.2
9876,3.4
9899,3.2
9882,3.5
9880,3.2
9888,3.4
9744,3.1
9896,3.1
9885,3.0
9903,3.2
9917,3.3
9893,3.0
9890,3.3
9883,3.5
9901,2.8
9920,3.2
9923,3.8
9927,3.5
9873,3.1
9914,2.9
9904,3.6
9919,3.8
9921,3.7
9887,3.7
9929,3.6
9894,3.1
9933,3.7
9945,3.6
9910,2.9
9909,3.1
9892,3.2
9866,3.2
9926,3.6
9884,2.8
9913,3.1
9922,3.4
9908,3.3
9911,3.3
9900,2.6
9891,3.2
9907,3.3
9918,2.9
9931,3.5
9915,2.7
9879,2.6
9944,3.4
9930,3.4
9946,3.2
9924,3.2
9906,2.8
9916,3.5
9954,3.5
9881,3.2
9956,3.1
9965,2.9
9942,3.3
9868,2.5
9962,3.5
9969,3.7
9941,3.3
9925,2.9
9939,3.3
9961,3.4
9938,3.2
9934,3.5
9958,3.1
9952,3.2
9980,3.7
9950,3.4
9966,3.5
9936,3.2
9955,3.5
9973,3.3
9972,3.6
9985,3.6
9979,3.1
9951,3.6
9947,3.5
9957,3.1
9993,3.6
9963,3.4
9991,3.6
9977,3.0
9976,3.0
9975,3.5
9987,2.5
9990,2.9
9982,3.0
9968,3.2
9964,2.7
9994,3.7
9943,2.8
9998,3.2
9971,3.4
9953,3.2
9932,2.7
9995,3.1
9983,3.2
9937,3.2
9935,2.8
9960,2.6
9984,3.2
9992,2.7
9959,2.7
9974,3.0
9970,3.4
9996,2.9
9949,2.8
9928,3.0
9967,2.8
9989,3.1
9981,2.8
9997,3.5
9988,3.7
9999,3.4
9978,2.8
9986,3.3
9948,2.8
9940,2.7
